regio,jaar,met_schade,Q1,Q2,Q3,Q4,Q5,gemiddeld
BRA,2020,False,978.1340675385954,2912.5125738409956,6201.094194046322,13202.885216293764,39313.18873311575,17515.7328
BRA,2020,True,965.074803976074,2873.6270359651294,6118.30214524277,13026.610855193981,38788.31048770217,17281.87674824064
BRA,2030,False,1192.339970336323,3550.3365756767425,7559.099220404354,16094.243406493373,47922.55769786886,21351.58054531915
BRA,2030,True,1166.5223540556588,3473.4614983846723,7395.422812705952,15745.756388584168,46884.89542317167,20889.256940291252
BRA,2040,False,1453.4557705766922,4327.840474853244,9214.499769859629,19618.792906552837,58417.33042557895,26027.457542812663
BRA,2040,True,1407.305833715411,4190.423452124766,8921.922182570139,18995.85956915054,56562.471017180585,25201.037127017076
BRA,2050,False,1771.7544740421679,5275.613389473565,11232.423802501862,23915.199080120634,71210.3998197707,31727.32551133909
BRA,2050,True,1694.4207382051634,5045.342830986462,10742.149722273245,22871.34581757913,68102.20038853362,30342.48768766999
BRA,2060,False,2159.7588174581488,6430.943283817905,13692.261938266063,29152.49423173081,86805.08002589615,38675.432759679665
BRA,2060,True,2035.9147372570203,6062.18254564095,12907.125388800237,27480.842839680237,81827.53567895624,36457.7205976614
BRA,2070,False,2632.7339470159595,7839.283978276787,16690.790899852935,35536.72779740921,105814.90817876578,47145.13672493195
BRA,2070,True,2440.9855862977865,7268.330026115172,15475.160358162959,32948.50223509422,98108.15330297609,43711.442753277086
BRA,2080,False,3209.2879907432275,9556.043426273705,20345.980972219997,43319.0728899144,128987.7826221731,57469.658597581954
BRA,2080,True,2920.065452663702,8694.848313302562,18512.391629824953,39415.1377352599,117363.34318923975,52290.466025865404
BRA,2090,False,3912.104152872181,11648.76361385523,24801.63727445569,52805.708132151834,157235.38726392575,70055.19314945614
BRA,2090,True,3484.8796952871153,10376.651082594472,22093.154673341494,47039.0186135226,140064.37125513924,62404.759846876506
BRA,2100,False,4768.833132789506,14199.777845127488,30233.057444295464,64369.863556964854,191669.0597004402,85396.88954084198
BRA,2100,True,4148.4632606779305,12352.551464899405,26300.087374258976,55996.09099862099,166735.13839450545,74287.7448154971
CAN,2020,False,10328.16474518382,21237.17007626825,34988.90807733852,57645.330524167584,118532.54848740855,55051.6482
CAN,2020,True,10219.203639938605,21013.12005568063,34619.778596013406,57037.17805167067,117282.04195412125,54470.85881665482
CAN,2030,False,12589.975193165652,25887.991819450635,42651.28370798515,70269.33624771376,144490.51519390906,67107.65196731444
CAN,2030,True,12369.646909308205,25434.944317562662,41904.87364763819,69039.6021119654,141961.8885081604,65933.24824015796
CAN,2040,False,15347.109508341347,31557.317572780248,51991.6768456472,85657.92878269841,176133.13176354283,81803.8532871065
CAN,2040,True,14946.797326395026,30734.18024864331,50635.53212081697,83423.63754020954,171538.896070432,79670.0912921732
CAN,2050,False,18708.040853716586,38468.19403122162,63377.56396101456,104416.53721441767,214705.30479596005,99718.4406910526
CAN,2050,True,18028.926664343548,37071.77328302939,61076.91669867594,100626.14822703092,206911.36099603339,96098.59569793062
CAN,2060,False,22804.99740971447,46892.51387133478,77256.89682133758,127283.17621955005,261724.5684895489,121556.22277297126
CAN,2060,True,21706.92253131334,44634.61002060884,73536.92895382966,121154.41173259357,249122.36693892183,115703.21467381346
CAN,2070,False,27799.164590436838,57161.712748683865,94175.72613132122,155157.48157084093,319040.78856429586,148176.35727589164
CAN,2070,True,26085.796917700914,53638.62015994097,88371.31988073389,145594.53904996926,299377.09789359535,139043.68785360194
CAN,2080,False,33887.026516258346,69679.8088779888,114799.68465303502,189136.10425529446,388908.9410106038,180626.15269446146
CAN,2080,True,31286.19278346329,64331.874401128254,105988.79378845598,174619.88342958695,359060.1287437415,166763.071767979
CAN,2090,False,41308.09623353331,84939.29820856951,139940.17500920748,230555.85570675065,474077.82897799637,220182.27223966955
CAN,2090,True,37445.802854460926,76997.50182949315,126855.81478237304,208998.95920955317,429751.7082660879,199595.30237660333
CAN,2100,False,50354.33880928356,103540.53055451692,170586.29246931372,281046.3016036455,577898.2281674064,268400.96124192374
CAN,2100,True,44720.574532887775,91956.16749880424,151500.68866074496,249602.16686910577,513241.58744428935,238371.61753587032
CEU,2020,False,8019.459123195085,16089.908744699262,26061.582839555154,42213.1729197505,84694.75181168935,39779.404
CEU,2020,True,7942.644733983561,15935.791553788158,25811.951968326473,41808.83404293866,83883.50313146108,39398.376978786
CEU,2030,False,9775.675922550858,19613.508978013248,31768.924057648856,51457.62223944964,103242.42986129018,48490.87150671713
CEU,2030,True,9615.289783352657,19291.716909000803,31247.702290841597,50613.374800327176,101548.56696545755,47695.298522410485
CEU,2040,False,11916.494401266598,23908.75800071523,38726.14115551116,62726.55437608725,125851.94590761284,59110.10178737096
CEU,2040,True,11618.581817800663,23311.038602408134,37757.98690050824,61158.38934056218,122705.64490019855,57632.348134372274
CEU,2050,False,14526.14018104275,29144.642591876873,47206.94997649743,76463.3197699481,153412.8198068621,72054.88424412733
CEU,2050,True,14012.516314322802,28114.129060020256,45537.77868386274,73759.68442890009,147988.35847497685,69507.12497702171
CEU,2060,False,17707.283824752747,35527.15669223945,57545.00860632201,93208.36013384153,187009.37130022608,87834.50182695937
CEU,2060,True,16866.4999339544,33840.242915494775,54812.6349282984,88782.60582483142,178129.7222036345,83663.9110732735
CEU,2070,False,21585.080175637024,43307.40576611929,70147.04438965682,113620.47090001462,227963.3801017033,107069.7676100828
CEU,2070,True,20260.374294406374,40649.57106490873,65842.02437130132,106647.42726039316,213972.95579617805,100498.7495874041
CEU,2080,False,26312.09228924099,52791.4859733482,85508.85569011621,138502.72002429454,277886.08830712026,130517.44926682634
CEU,2080,True,24285.388415659712,48725.191741093404,78922.48744742334,127834.46924100124,256481.7543075516,120464.26850524977
CEU,2090,False,32074.293678971844,64352.52682474295,104234.8179463886,168834.04286371116,338741.5910405499,159100.04236821012
CEU,2090,True,29045.03766397044,58274.75373594081,94390.36268271168,152888.51511488948,306749.1483554138,144073.84209846414
CEU,2100,False,39098.38501993979,78445.37111192459,127061.66144581711,205807.75615601958,412924.1092985764,193942.06386777762
CEU,2100,True,34655.65116947804,69531.65497062504,112623.69568039349,182421.90314711354,366003.7079286229,171904.5047273076
CHINA,2020,False,2564.8201612134026,5910.386045809564,10537.147479757868,18785.82484284396,43290.16072520236,19351.1689
CHINA,2020,True,2564.8201612134026,5910.386045809564,10537.147479757868,18785.82484284396,43290.16072520236,19351.1689
CHINA,2030,False,3126.5014648091915,7204.727609856737,12844.723980486662,22899.815658425672,52770.46436469787,23588.966909476087
CHINA,2030,True,3126.5014648091915,7204.727609856737,12844.723980486662,22899.815658425672,52770.46436469787,23588.966909476087
CHINA,2040,False,3811.18783970784,8782.522753997528,15657.646858586091,27914.74750652947,64326.9016010989,28754.81903609233
CHINA,2040,True,3811.18783970784,8782.522753997528,15657.646858586091,27914.74750652947,64326.9016010989,28754.81903609233
CHINA,2050,False,4645.81671015573,10705.846230599975,19086.584150864885,34027.92144602199,78414.13410729136,35051.96395295557
CHINA,2050,True,4645.81671015573,10705.846230599975,19086.584150864885,34027.92144602199,78414.13410729136,35051.96395295557
CHINA,2060,False,5663.224645998235,13050.366816423275,23266.439576664667,41479.84636672073,95586.39192550877,42728.14846851022
CHINA,2060,True,5663.224645998235,13050.366816423275,23266.439576664667,41479.84636672073,95586.39192550877,42728.14846851022
CHINA,2070,False,6903.439242648635,15908.32432810472,28361.660017099413,50563.701263272385,116519.27838462712,52085.374559821495
CHINA,2070,True,6903.439242648635,15908.32432810472,28361.660017099413,50563.701263272385,116519.27838462712,52085.374559821495
CHINA,2080,False,8415.25391556152,19392.1585874265,34572.7053026326,61636.86969421091,142036.3501726762,63491.7809517593
CHINA,2080,True,8415.25391556152,19392.1585874265,34572.7053026326,61636.86969421091,142036.3501726762,63491.7809517593
CHINA,2090,False,10258.147565908524,23638.93310972632,42143.934848032295,75135.00022318705,173141.51829691368,77396.126695724
CHINA,2090,True,10258.147565908524,23638.93310972632,42143.934848032295,75135.00022318705,173141.51829691368,77396.126695724
CHINA,2100,False,12504.624642325292,28815.7275553857,51373.22141637397,91589.14601836987,211058.54467335794,94345.44657129483
CHINA,2100,True,12504.624642325292,28815.7275553857,51373.22141637397,91589.14601836987,211058.54467335794,94345.44657129483
EAF,2020,False,514.115129017462,1124.9530680808562,1934.945045096135,3328.149799110537,7282.439508631767,3303.1246
EAF,2020,True,493.91677947467554,1080.7563619233226,1858.925698142416,3197.3947810630016,6996.329938192445,3173.35276196504
EAF,2030,False,626.703473507171,1371.3115127465458,2358.6872129686926,4056.996034022417,8877.253124971487,4026.490455947415
EAF,2030,True,587.6155470058907,1285.7818709198789,2211.5742698983763,3803.9584021956657,8323.572744455492,3775.3554779977862
EAF,2040,False,763.9480371965736,1671.6210821126092,2875.2265511218225,4945.455527414188,10821.322024221265,4908.269397962045
EAF,2040,True,695.1862584879677,1521.1610595243305,2616.4318658565016,4500.322740847704,9847.311601870248,4466.483677269049
EAF,2050,False,931.2483945085706,2037.6967714408686,3504.885122038272,6028.482692250124,13191.131164492095,5983.15300794676
EAF,2050,True,817.4490142166733,1788.6884175149098,3076.58504953965,5291.79675697877,11579.163229062253,5252.006400327372
EAF,2060,False,1135.186596535024,2483.940994027751,4272.435406487298,7348.686762887873,16079.915282934808,7293.430130661948
EAF,2060,True,954.7509573889748,2089.1235409090277,3593.3403434969546,6180.62769930037,13524.044908542885,6134.153998253492
EAF,2070,False,1383.7861268290344,3027.9102113160598,5208.07492029605,8958.008158249655,19601.327003885952,8890.65063189855
EAF,2070,True,1106.6832489860722,2421.5718349309386,4165.159024222686,7164.1689281368945,15676.16543663978,7110.299732124125
EAF,2080,False,1686.8275670707503,3691.005651839423,6348.614266755525,10919.761959173842,23893.908242229532,10837.653510407195
EAF,2080,True,1271.6887601423446,2782.626092136417,4786.180616867822,8232.340292508914,18013.468086890327,8170.439246161544
EAF,2090,False,2056.233391752577,4499.315293761369,7738.925365874093,13311.128895903932,29126.54081914454,13211.039155022965
EAF,2090,True,1446.5244383398388,3165.190077316453,5444.199434327625,9364.147731014738,20490.015028539692,9293.736338615348
EAF,2100,False,2506.5370307532853,5484.640236892181,9433.706837756405,16226.191847937867,35505.09073228672,16104.183012305248
EAF,2100,True,1625.531374265622,3556.881335580559,6117.917370559902,10522.958013410753,23025.64782541224,10443.83323375456
INDIA,2020,False,819.3445272616183,2052.5244691050257,3877.136554568457,7323.7557403276805,18346.60190263425,8089.8984
INDIA,2020,True,786.7110998886734,1970.7750877823823,3722.7152458775163,7032.060070072892,17615.8805994348,7767.68826359592
INDIA,2030,False,998.776406785155,2502.015874741728,4726.207825576648,8927.617380864016,22364.40534517635,9861.541007924516
INDIA,2030,True,935.5301549018749,2343.5788860875496,4426.926696628786,8362.28730923655,20948.20768164357,9237.071404610533
INDIA,2040,False,1217.502866693518,3049.9433900484687,5761.22096711349,10882.715771121446,27262.085322270897,12021.16346120946
INDIA,2040,True,1106.1166188332522,2770.9118085242867,5234.141479930481,9887.083720112814,24767.94631367784,10921.37771984569
INDIA,2050,False,1484.129200827019,3717.8639737689764,7022.896211268143,13265.969799385985,33232.329885269195,14653.731181059195
INDIA,2050,True,1299.622430182643,3255.6595544280394,6149.810566305662,11616.745967804078,29100.89047642067,12831.981014967583
INDIA,2060,False,1809.145214359415,4532.055438323918,8560.87129373819,16171.143161270486,40510.024693568164,17862.816541814344
INDIA,2060,True,1516.3875266265602,3798.673695238903,7175.542540114182,13554.312603770535,33954.65198763027,14972.237706201406
INDIA,2070,False,2205.3379212643463,5524.55029042375,10435.654337360153,19712.533278525105,49381.49405530943,21774.673689861735
INDIA,2070,True,1755.469253760252,4397.592805247317,8306.876762724325,15691.357660207146,39308.123114820104,17332.84037999032
INDIA,2080,False,2688.294620224075,6734.395977006967,12721.004406236112,24029.46807048306,60195.76570442646,26543.205725148106
INDIA,2080,True,2013.9915288358218,5045.212063991543,9530.203616710436,18002.173114623092,45096.90317737409,19885.391681563142
INDIA,2090,False,3277.016141355073,8209.191118006634,15506.833387930543,29291.78749336104,73378.30250100765,32356.01966772844
INDIA,2090,True,2286.2545200122486,5727.252930596254,10818.551509963916,20435.81070926398,51193.36265899016,22573.613624118574
INDIA,2100,False,3994.664390544585,10006.958165520611,18902.74337167573,35706.52550607933,89447.74129741566,39441.80742820159
INDIA,2100,True,2562.527672695908,6419.339576900218,12125.875478912169,22905.29335123361,57379.61689030005,25301.430386779204
INDO,2020,False,1487.6863225996399,3517.4892873283047,6383.679810763848,11585.356655714646,27392.446450098065,12177.5687
INDO,2020,True,1441.504522393076,3408.2969226285586,6185.513153502249,11225.715904658293,26542.110952681607,11799.54408811651
INDO,2030,False,1813.4813259514813,4287.799813644539,7781.670068354319,14122.485116965274,33391.23937267474,14844.38829440281
INDO,2030,True,1727.4131310248652,4084.299956829945,7412.350414099631,13452.22908261793,31806.484317278286,14139.870587489724
INDO,2040,False,2210.6236170995494,5226.804046887253,9485.812391564137,17215.230554039677,40703.73447199975,18095.22649911252
INDO,2040,True,2063.6545751835465,4879.31007409527,8855.166474186175,16070.709197568356,37997.62529471604,16892.2003117252
INDO,2050,False,2694.737853952978,6371.444967561579,11563.152374433806,20985.26998429762,49617.625194315944,22057.98013095943
INDO,2050,True,2457.3010195346105,5810.048718368184,10544.308076961486,19136.230729077604,45245.75212316971,20114.422998574395
INDO,2060,False,3284.870407317327,7766.755862761241,14095.418221983939,25580.92701294227,60483.60824526241,26888.554695994768
INDO,2060,True,2915.8320520160632,6894.2006462038125,12511.870223762431,22707.040965289147,53688.58483739944,23867.763379742573
INDO,2070,False,4004.2386969257277,9467.63205816752,17182.236160090844,31183.007287069784,73729.18095212379,32776.998136141454
INDO,2070,True,3446.913470157704,8149.890888585018,14790.74694351231,26842.837301469783,63467.272109099285,28214.970419605714
INDO,2080,False,4881.144627879541,11540.990649469688,20945.05000218289,38011.91188159392,89875.46017142264,39954.977832134995
INDO,2080,True,4058.0463919335457,9594.855107738274,17413.125623190106,31602.03469090997,74719.9304009251,33217.44508560412
INDO,2090,False,5950.0880645725465,14068.40320291522,25531.899079172123,46336.308476995415,109557.68444342527,48704.89502838679
INDO,2090,True,4756.037602829035,11245.187284405682,20408.214260758537,37037.640972916895,87571.89158161494,38930.904834177374
INDO,2100,False,7253.12414919134,17149.305002590027,31123.2425093801,56483.701476613176,133550.20600408182,59370.99526603389
INDO,2100,True,5546.226134414524,13113.511038276507,23798.922704568653,43191.233853757665,102121.46208456444,45399.05271129139
JAP,2020,False,7500.111603677805,15669.241853537664,26101.492175848784,43479.31445400977,90837.03414117388,41906.9559
JAP,2020,True,7433.410861152817,15529.890584961597,25869.363775481306,43092.63986677593,90029.19314544617,41534.26476909453
JAP,2030,False,9142.594194221176,19100.71838501072,31817.573315896487,53001.04170463531,110729.83774696421,51084.34540106638
JAP,2030,True,8992.109722280125,18786.32605184998,31293.865206669157,52128.659795976506,108907.25645247754,50243.51176251413
JAP,2040,False,11144.771307032079,23283.669129219346,38785.4443298519,64607.97409185987,134979.05434047425,62271.53199298476
JAP,2040,True,10851.282949097716,22670.512911728387,37764.06165141683,62906.57639572937,131424.4923021377,60631.6625719634
JAP,2050,False,13585.414035389782,28382.66274552257,47279.24021510677,78756.75990514303,164538.71405720722,75908.65002397343
JAP,2050,True,13062.148888430558,27289.456594135383,45458.20049450407,75723.3103953641,158201.2278262139,72984.90027245317
JAP,2060,False,16560.5439024586,34598.30751138509,57633.13000380688,96004.05086123617,200571.77430884851,92532.2208085585
JAP,2060,True,15682.715011685,32764.34637555222,54578.156273412584,90915.14013622192,189940.0161251158,87627.34224710404
JAP,2070,False,20187.21060917524,42175.143797641125,70254.46388147301,117028.40229673979,244495.8736909342,112796.2608353556
JAP,2070,True,18778.02496113261,39231.07150878526,65350.290435751696,108859.13373741889,227428.62835024748,104922.42056096863
JAP,2080,False,24608.097087843584,51411.26495180104,85639.79945123884,142656.96938062744,298039.1057409918,137498.01255457167
JAP,2080,True,22420.129040318265,46840.159571492404,78025.34864153559,129972.97802414818,271539.69630081824,125272.71707586301
JAP,2090,False,29997.133036770567,62670.0451011175,104394.43766053022,173898.04964834783,363308.0068384965,167609.31006439196
JAP,2090,True,26687.632215903683,55755.83215111079,92876.88774307795,154712.35822400774,323225.23808237404,149117.43790570664
JAP,2100,False,36566.33778766371,76394.435279082,127256.23698667689,211980.75216930723,442870.4330755443,204314.8137076649
JAP,2100,True,31664.620207227385,66153.76122992106,110197.53841861284,183564.7323410116,383503.65152176755,176926.4129301524
KOR,2020,False,11096.132229489149,20860.529375840983,32300.061111907435,50012.82225566219,94023.20793008311,45724.0734
KOR,2020,True,10920.184189565807,20529.750219687085,31787.888732874253,49219.78393700083,92532.31012889816,44999.04048531822
KOR,2030,False,13526.123271271259,25428.868907286876,39373.59426090482,60965.35125784183,114613.76581677813,55737.390334030715
KOR,2030,True,13189.256375870602,24795.565191909533,38392.998402547724,59447.014614491876,111759.3201868998,54349.25559187301
KOR,2040,False,16488.2687918409,30997.649304760882,47996.19169918058,74316.42299632955,139713.54098523842,67943.56780225316
KOR,2040,True,15900.54290498053,29892.735189263058,46285.36294642032,71667.40713146073,134733.4387186751,65521.71295823237
KOR,2050,False,20099.107652627754,37785.961535457885,58507.089862299814,90591.30494649579,170310.02685871444,82822.83002548206
KOR,2050,True,19132.797860640312,35969.31647526786,55694.22996763489,86235.92427230578,162121.98938603073,78840.93625005013
KOR,2060,False,24500.700075427158,46060.8762658597,71319.81607227531,110430.29522982182,207606.97240993017,100960.56764923688
KOR,2060,True,22976.722842272982,43195.82642841835,66883.62544783269,103561.37902487096,194693.53326644542,94680.68152067382
KOR,2070,False,29866.216677910837,56147.95114815193,86938.45782715602,134613.91368352648,253071.74091971043,123070.36860392298
KOR,2070,True,27536.12991156331,51767.42986088094,80155.73900292866,124111.67624840404,233327.72309472505,113468.72939042309
KOR,2080,False,36406.751476727666,68444.03914373543,105977.49497425272,164093.60963387467,308493.0400394859,150022.0925948801
KOR,2080,True,32928.97674574214,61905.885088083814,95853.93714157434,148418.47834769855,279024.07464662346,135691.1506252413
KOR,2090,False,44379.62690026692,83432.90179811623,129185.97501863651,200029.1945004912,376051.2944153526,182876.09374909563
KOR,2090,True,39288.14820044616,73861.01325286145,114365.0383397162,177080.72795681618,332908.5893209959,161895.52673976944
KOR,2100,False,54098.517552874604,101704.24173587424,157476.98268930003,243834.47193214475,458404.4295241204,222924.9378305857
KOR,2100,True,46761.80643879587,87911.35656183514,136120.3322417356,210766.2260514399,396236.7209626901,192692.39278185245
ME,2020,False,1400.3489267818516,3373.3735210069613,6201.795737251842,11401.722971701636,27466.20476582607,12170.4791
ME,2020,True,1385.366873683998,3337.282472380412,6135.443965018132,11279.738217971997,27172.349334277453,12040.269578204921
ME,2030,False,1707.0175277927242,4112.123498665553,7559.954397657268,13898.63668083034,33481.150347975396,14835.746111562818
ME,2030,True,1681.1899098395488,4049.9060035487105,7445.570326757541,13688.346702890485,32974.571859037154,14611.277424873224
ME,2040,False,2080.8448412125763,5012.655599202628,9215.542226159036,16942.360559466637,40813.33544918753,18084.69172645399
ME,2040,True,2039.6639073931192,4913.452701224803,9033.162152926514,16607.06298459402,40005.619644147075,17726.78686090025
ME,2050,False,2536.538250313007,6110.399204783481,11233.69455091393,20652.642983529087,49751.22817393382,22045.138301872772
ME,2050,True,2473.9377941978178,5959.597703084014,10956.452761771126,20142.946403714628,48523.393515578166,21501.07565560699
ME,2060,False,3092.025973234821,7448.542534571464,13693.81097348959,25175.45655506583,60646.46953191128,26872.900577995606
ME,2060,True,2999.8921023038497,7226.596450533205,13285.773064459778,24425.297182230395,58839.37151765154,26072.162041247928
ME,2070,False,3769.162407852106,9079.731786736224,16692.679165146787,30688.74106144569,73927.70795178192,32757.91585365054
ME,2070,True,3636.699776916196,8760.635650640332,16106.035247925814,29610.22256284203,71329.60852418654,31606.67872231545
ME,2080,False,4594.587943225722,11068.142383080485,20348.28275707668,37409.40411056628,90117.46347622422,39931.71663625781
ME,2080,True,4407.5005147390675,10617.457724921373,19519.719251016533,35886.12731126527,86447.9625956578,38305.73357252082
ME,2090,False,5600.777064967343,13492.003804682587,24804.44313735201,45601.854866109235,109852.68512159868,48676.53976041009
ME,2090,True,5340.211220950023,12864.313161389233,23650.462076064858,43480.312504377616,104741.99114391486,46411.953343313005
ME,2100,False,6827.315989829805,16446.677352456107,30236.47777550935,55588.40662319793,133909.81018466988,59336.43035259283
ME,2100,True,6468.499570668309,15582.305777520425,28647.36944953968,52666.90232470914,126872.04620060437,56217.944918981964
MEX,2020,False,919.3312299338745,2847.8186114827517,6231.682915344794,13636.357245794126,42241.436701974555,19003.7343
MEX,2020,True,907.0570548167815,2809.796815637123,6148.482470405443,13454.29551293408,41677.462832279154,18750.01164261384
MEX,2030,False,1120.6596394163103,3471.474996554692,7596.386700981966,16622.643391678117,51492.07563226873,23165.446070762977
MEX,2030,True,1096.3941100610236,3396.3075010259727,7431.902911253628,16262.714982555332,50377.12294826715,22663.847019733363
MEX,2040,False,1366.0778471618191,4231.708649951489,9259.9530006194,20262.909540018354,62768.5528696836,28238.549496949545
MEX,2040,True,1322.7023226564543,4097.3439923099895,8965.932188312563,19619.524295810566,60775.534017337966,27341.922779632023
MEX,2050,False,1665.2412729687085,5158.429231334413,11287.831037168758,24700.373662140908,76514.51569929023,34422.63426552726
MEX,2050,True,1592.5566371484667,4933.273539981887,10795.138535814662,23622.24901233808,73174.80162971852,32920.15130634454
MEX,2060,False,2029.919819693822,6288.096448934494,13759.80304815235,30109.617665935235,93270.76768603604,41960.99909119806
MEX,2060,True,1913.5209186128714,5927.526780395861,12970.793581691341,28383.083260841802,87922.47030192125,39554.88721668524
MEX,2070,False,2474.460933243533,7665.154483639998,16773.12313592457,36703.45592295062,113696.54535790526,51150.22374957552
MEX,2070,True,2294.2399777047503,7106.882802388109,15551.49613898362,34030.254738343865,105415.7518442242,47424.82963390136
MEX,2080,False,3016.3540701188867,9343.780543954954,20446.343508577014,44741.30796460034,138595.45436396735,62351.83733221587
MEX,2080,True,2744.5188274038023,8501.714661436603,18603.709447360536,40709.200318342446,126105.16705006738,56732.66052441283
MEX,2090,False,3676.918780203398,11390.016344736665,24923.97864625141,54539.4047521148,168947.08550631424,76006.54178439194
MEX,2090,True,3275.377929021447,10146.160515593523,22202.135657948325,48583.385509854124,150497.0841399086,67706.18670235421
MEX,2100,False,4482.143475841872,13884.366367883078,30382.190893848954,66483.2300626635,205945.55450657418,92651.55031827214
MEX,2100,True,3899.0686024991637,12078.171362071356,26429.82029197357,57834.533036979694,179154.42683370115,80598.65837984862
NAF,2020,False,2824.637714936527,6189.367442690588,10656.206530808035,18346.743617773034,40201.52284548374,18226.0355
NAF,2020,True,2766.6320846776766,6062.265068634471,10437.374935973972,17969.982229535894,39375.96045293802,17851.7529253862
NAF,2030,False,3443.217613014369,7544.8043759370485,12989.856299366686,22364.578095139757,49005.432023936446,22217.43557312636
NAF,2030,True,3318.9837176034907,7272.58212829493,12521.17246050671,21557.647204254932,47237.27897615485,21415.81369571231
NAF,2040,False,4197.263057092184,9197.07443421929,15834.562345461738,27262.295903512346,59737.348186610914,27082.929990234057
NAF,2040,True,3962.6166398590917,8682.915436877172,14949.33707549958,25738.20747438745,56397.754137744,25568.86894522877
NAF,2050,False,5116.440245845508,11211.182415589754,19302.243142176958,33232.58658262748,72819.49410476263,33013.94053520398
NAF,2050,True,4707.088155830346,10314.20703175929,17757.924594013155,30573.74017369022,66993.40982090223,30372.587385678682
NAF,2060,False,6236.912109922278,13666.368806147251,23529.326683695777,40510.33760621553,88766.55698054677,40243.80929445238
NAF,2060,True,5560.902561695967,12185.09159080216,20979.018258440017,36119.48287858424,79145.28301926077,35881.84317074063
NAF,2070,False,7602.761059992987,16659.227316283916,28682.117933658905,49381.875494080516,108205.9376414332,49056.97896927061
NAF,2070,True,6530.402969105309,14309.468188042874,24636.548043029983,42416.63571981698,92943.6517697284,42137.56536451733
NAF,2080,False,9267.723308684877,20307.505139974328,34963.341714761766,60196.23067616,131902.43419520775,59800.18362534104
NAF,2080,True,7618.186954904238,16693.028653437064,28740.313546224577,49482.07062265041,108425.48596205762,49156.51488737615
NAF,2090,False,11297.302999342215,24754.735449643562,42620.11845466452,73378.86929895627,160788.3312676839,72896.09015395258
NAF,2090,True,8820.88157881931,19328.382174844755,33277.5900394755,57293.879478264884,125542.78038314013,56916.927769786394
NAF,2100,False,13771.349317188196,30175.884381561915,51953.686575751635,89448.43222095232,196000.07861557527,88859.92713710298
NAF,2100,True,10126.062135849028,22188.30364505497,38201.50417620092,65771.36065332046,144118.7010059696,65338.63333597011
OCE,2020,False,11626.213150223579,23245.35832895314,37561.00974210268,60692.95352995615,121349.00974348656,57090.5959
OCE,2020,True,11478.85206116581,22950.725736669494,37084.9276997225,59923.67641325931,119810.92317988885,56366.97830602709
OCE,2030,False,14172.288955792212,28335.962093772538,45786.66128499188,73984.37168601766,147923.76574919958,69593.11783627557
OCE,2030,True,13858.339450542368,27708.253943884552,44772.379138875294,72345.4439898989,144646.90671700527,68051.46673237515
OCE,2040,False,17275.941155664033,34541.379677491685,55813.6846165951,90186.53625207364,180318.2450328859,84833.62231245755
OCE,2040,True,16684.98778743605,33359.832201743135,53904.4812556785,87101.55020779643,174150.14841256334,81931.74192326145
OCE,2050,False,21059.275868912235,42105.74908578267,68036.57010697665,109936.88444993267,219806.93451833524,103411.71222682849
OCE,2050,True,20030.782427544404,40049.38745928749,64713.798395177866,104567.78413874474,209071.99795515544,98361.28843980184
OCE,2060,False,25671.139773334256,51326.67318526843,82936.19931598664,134012.44869607632,267943.4266540037,126058.30016660754
OCE,2060,True,23975.657258079682,47936.7388964059,77458.57436191315,125161.4290063831,250246.7681113567,117732.62215922875
OCE,2070,False,31292.976138599945,62566.92820973676,101098.76418176074,163360.42717035074,326621.54196550505,153664.3644971188
OCE,2070,True,28607.056186457317,57196.721167795564,92421.31571377035,149338.9730017215,298587.157748447,140475.1369622208
OCE,2080,False,38145.96329798242,76268.73636388169,123238.82940593218,199135.4491686175,398149.8371060341,187316.00287402832
OCE,2080,True,34018.81897155124,68016.95674281447,109905.19219757219,177590.29292737893,355072.62265884836,167049.6335999772
OCE,2090,False,46499.71640556538,92971.16404762301,150227.44537251713,242745.00135969438,485342.42975407717,228337.16227916244
OCE,2090,True,40309.09407369435,80593.68287433193,130227.29375714662,210427.75853479988,420727.5908584032,197938.0707304609
OCE,2100,False,56682.89482972287,113331.33019446964,183126.41763916562,295904.80213908723,591629.7136569176,278341.7266957364
OCE,2100,True,47576.87846795962,95124.83332885642,153707.45164770188,248368.16912312628,496585.34676547564,233626.57364882907
RCAM,2020,False,967.8488440737885,2592.392421547974,5129.3020621899095,10148.82601356917,27183.72792020385,11960.6946
RCAM,2020,True,954.9269005867906,2557.780871849403,5060.8197244972,10013.327007696806,26820.792531995627,11801.00497425648
RCAM,2030,False,1179.8023403243242,3160.111896303677,6252.590592277102,12371.362280038456,33136.812649384185,14580.019976661426
RCAM,2030,True,1154.2562000729567,3091.686314361878,6117.203883211258,12103.486429055265,32419.3046105446,14264.320284890055
RCAM,2040,False,1438.172469552107,3852.1587681532346,7621.873042497503,15080.621587100499,40393.58971601102,17772.962994962374
RCAM,2040,True,1392.5078060590254,3729.8455285426717,7379.86433002296,14601.78366979847,39111.01775700689,17208.638206647724
RCAM,2050,False,1753.1242153740984,4695.760043312671,9291.02070871292,18383.19356472799,49239.56046737504,21665.142717632443
RCAM,2050,True,1676.603655134232,4490.798988006279,8885.485206096408,17580.801892629206,47090.34666958131,20719.50016481645
RCAM,2060,False,2137.048636098713,5724.105290432485,11325.702399976784,22409.01037708695,60022.749452724616,26409.688081184
RCAM,2060,True,2014.5067946007791,5395.87579140799,10676.268220095715,21124.04130742292,56580.94746213753,24895.313650865777
RCAM,2070,False,2605.050362661738,6977.652408499669,13805.968028092931,27316.458607273606,73167.39665561468,32193.262404765344
RCAM,2070,True,2415.3182641354747,6469.453160904784,12800.446091280879,25326.935068631443,67838.43875516589,29848.549487882705
RCAM,2080,False,3175.541855889978,8505.719350624076,16829.397988871307,33298.610616284284,89190.64824873737,39243.40723283596
RCAM,2080,True,2889.360535301928,7739.179935689889,15312.724753333918,30297.72421882102,81152.74522044479,35706.77297766564
RCAM,2090,False,3870.967802789679,10368.42442645218,20514.942240305118,40590.82053482874,108722.90253092605,47837.49443840894
RCAM,2090,True,3448.2356731601767,9236.132358422592,18274.5915930534,36158.06756908949,96849.73115159378,42613.362663013024
RCAM,2100,False,4718.688151579984,12639.05151998255,25007.60011744668,49479.98373496484,132532.6115108327,58313.63878695073
RCAM,2100,True,4104.841559841987,10994.85753023045,21754.40143032823,43043.211818857235,115291.65613156691,50727.71081897837
RSAF,2020,False,443.00198112300086,1278.1194180709836,2662.4461939136654,5546.132572012671,16001.32739252285,7088.195
RSAF,2020,True,425.5974964894329,1227.905173621578,2557.845072825663,5328.238333976466,15372.67364245637,6809.716830118
RSAF,2030,False,540.0169430355609,1558.0204387154752,3245.5070539170374,6760.704657834616,19505.528803994614,8640.470152834738
RSAF,2030,True,506.33571503678456,1460.8456328137393,3043.0825476781324,6339.034860341019,18288.955562438416,8101.558089079205
RSAF,2040,False,658.2776402629754,1899.2182210319481,3956.2549887784935,8241.261253132963,23777.130771116448,10532.684902436795
RSAF,2040,True,599.0270901932474,1728.272532745105,3600.158609433774,7499.4781016934085,21636.988084960954,9584.654260030058
RSAF,2050,False,802.4367702878834,2315.1364137903147,4822.652755397405,10046.051481288085,28984.189733476593,12839.284123633479
RSAF,2050,True,704.3782847960703,2032.2246893415709,4233.320308583521,8818.41507440399,25442.296024577365,11270.312208860807
RSAF,2060,False,978.1659453795446,2822.1383699370667,5878.786798401778,12246.080698670241,35331.5655531773,15651.015703436487
RSAF,2060,True,822.6884246933568,2373.5651203123102,4944.365394369413,10299.590663778004,29715.683871630874,13163.318059406665
RSAF,2070,False,1192.3788292465615,3440.1709254063853,7166.208303590613,14927.904038484525,43068.98125900211,19078.500809739402
RSAF,2070,True,953.6052220704389,2751.2774286300782,5731.176613615857,11938.594426957607,34444.426914045456,15258.03507677051
RSAF,2080,False,1453.50313937144,4193.549161898583,8735.567934597051,18197.031725129837,52500.84782958235,23256.58602893779
RSAF,2080,True,1095.7869323775076,3161.4905034730805,6585.690068593126,13718.628486127103,39580.0610484232,17532.99485355352
RSAF,2090,False,1771.8122163386474,5111.913028328065,10648.608567758933,22182.080133400843,63998.240549254755,28349.648597403197
RSAF,2090,True,1246.439086809327,3596.1419320410137,7491.110974736937,15604.707682929175,45021.64945699317,19943.484858758162
RSAF,2100,False,2159.8292049953548,6231.393457030412,12980.594424806503,27039.83190649219,78013.49811902374,34558.06344904669
RSAF,2100,True,1400.6855245701317,4041.1633442943007,8418.133558473355,17535.785260536213,50593.064156955304,22411.484722172725
RSAM,2020,False,737.356390278837,2373.0925903676175,5332.154022769248,11980.934346152024,38559.191860780564,17555.9042
RSAM,2020,True,727.5117976409463,2341.408956575101,5260.963367980451,11820.974495509678,38044.38037840891,17321.51181184496
RSAM,2030,False,898.8333252973789,2892.78662578903,6499.866000308311,14604.692114282854,47003.43971779878,21400.549257762526
RSAM,2030,True,879.3709785924743,2830.149410779462,6359.125061946276,14288.45819922133,45985.67901137612,20937.165338177478
RSAM,2040,False,1095.6728080428375,3526.29075507229,7923.300385089473,17803.038193052234,57296.93073655666,26087.150130035465
RSAM,2040,True,1060.8831488489172,3414.324433842896,7671.720791195287,17237.7584609952,55477.64611203167,25258.834363045033
RSAM,2050,False,1335.6190391442058,4298.528753712221,9658.45895736638,21701.80421628422,69844.63885068867,31800.09044207874
RSAM,2050,True,1277.3217911534023,4110.906093802156,9236.88546930996,20754.56145830794,66796.05230574419,30412.076566640353
RSAM,2060,False,1628.1121559555459,5239.882564962215,11773.607574777996,26454.378243469157,85140.22502553852,38764.132804222594
RSAM,2060,True,1534.7535592508013,4939.4191838781135,11098.489784327916,24937.44120662399,80258.14616970846,36541.33443751266
RSAM,2070,False,1984.659633235445,6387.387608116758,14351.96193686239,32247.73946321962,103785.45922322947,47253.26158428308
RSAM,2070,True,1840.112087256573,5922.178769025303,13306.673947317468,29899.058850828973,96226.51400774607,43811.69261843939
RSAM,2080,False,2419.289018502849,7786.189852637987,17494.9615170124,39309.81446310945,126513.89566971014,57601.4621977937
RSAM,2080,True,2201.2615581136447,7084.494773341758,15918.307384336033,35767.195557218496,115112.40408856727,52410.391423843124
RSAM,2090,False,2949.0998139095664,9491.32198338551,21326.260467261134,47918.44448155963,154219.73287317556,70215.86100264947
RSAM,2090,True,2627.0410140596896,8454.814587962499,18997.30916524779,42685.47249206789,137378.04380994246,62547.88183887862
RSAM,2100,False,3594.936217163339,11569.868536120508,25996.59250894611,58412.31643784975,187992.99382548305,85592.74275735719
RSAM,2100,True,3127.2767165705077,10064.76285004625,22614.737384005322,50813.55165215619,163537.2860475161,74458.11980044101
RSAS,2020,False,1215.9481415852993,2480.6242076462026,4064.627970291451,6660.098085776611,13587.093044392495,6332.4866
RSAS,2020,True,1171.2996201796145,2389.537919303221,3915.378489387522,6415.545278155171,13088.187216186143,6099.96339128594
RSAS,2030,False,1482.233999595475,3023.867067224637,4954.758815139895,8118.622403179454,16562.59060506403,7719.265830091573
RSAS,2030,True,1400.5922590829375,2857.3118738380754,4681.849724133848,7671.447082858544,15650.319853777079,7294.087148439668
RSAS,2040,False,1806.8349746333956,3686.077081752745,6039.823348075368,9896.555407520182,20189.705528230646,9409.741973337826
RSAS,2040,True,1669.6136051149429,3406.135331449112,5581.124660531649,9144.954455800334,18656.38395672398,8695.11241473153
RSAS,2050,False,2202.5217519294783,4493.307394327156,7362.510959057927,12063.845818936044,24611.138380250464,11470.422959089268
RSAS,2050,True,1983.7768793803439,4047.051663851333,6631.298420534812,10865.717167628147,22166.86725168575,10331.230482977466
RSAS,2060,False,2684.8617255191107,5477.316641005985,8974.859776241861,14705.76073696012,30000.840355244123,13982.381582109569
RSAS,2060,True,2348.7438861013734,4791.611370718445,7851.297080854142,12864.746550300082,26245.03515117111,12231.927231845271
RSAS,2070,False,3272.831461865292,6676.818421930723,10940.303987474226,17926.240280132377,36570.85698819612,17044.445126829032
RSAS,2070,True,2770.226753712778,5651.467616842447,9260.214940178645,15173.329575976293,30954.715394102583,14426.95062141107
RSAS,2080,False,3989.5632895970757,8139.0043996517525,13336.169513777475,21851.986872966623,44579.67060303735,20777.083501511424
RSAS,2080,True,3253.680511312939,6637.749065339853,10876.286874728548,17821.345009723693,36356.862872703554,16944.70967463127
RSAS,2090,False,4863.255388234764,9921.400947488268,16256.71622139894,26637.450063945,54342.369710306855,25327.148852107563
RSAS,2090,True,3803.845916542916,7760.127212687204,12715.360119636027,20834.75934617353,42504.45115794064,19809.893589350053
RSAS,2100,False,5928.281181267613,12094.132393518894,19816.84636132356,32470.902990837945,66243.04544615616,30873.653125095738
RSAS,2100,True,4424.088911894692,9025.468830699516,14788.686227110755,24232.00882152785,49435.09153623024,23040.031719820196
RUS,2020,False,4450.930010394527,10594.425607940324,19316.475460234655,35219.108426812345,83831.06976170445,37221.62
RUS,2020,True,4404.44983848198,10483.790140201725,19114.757370298517,34851.32232133283,82955.63866639693,36832.922066664
RUS,2030,False,5425.658846458136,12914.545699128821,23546.67579999171,42931.896649474584,102189.60626170896,45372.947083165265
RUS,2030,True,5340.701820185452,12712.324839080291,23177.973009936974,42259.652711032606,100589.482606747,44662.48025019622
RUS,2040,False,6613.84785862766,15742.759144005324,28703.26640961548,52333.74245550114,124568.55981448454,55309.369313095856
RUS,2040,True,6471.102544401019,15402.986420344329,28083.769730745447,51204.23408591843,121880.02228027397,54115.638602768726
RUS,2050,False,8062.243634361392,19190.335551863933,34989.121588944225,63794.54003069861,151848.3793206398,67421.81256609311
RUS,2050,True,7834.759027848348,18648.860234340256,34001.86705808701,61994.510597860266,147563.81904362515,65519.43585837051
RUS,2060,False,9827.83000292479,23392.91195554914,42651.543977441106,77765.18832355378,185102.3270771072,82186.81330399991
RUS,2060,True,9478.370795202038,22561.10386811973,41134.935045248254,75000.0040364963,178520.43539310855,79264.40432318462
RUS,2070,False,11980.069934222378,28515.829141243055,51991.994112661705,94795.33063625352,225638.7038350382,100185.26681472678
RUS,2070,True,11457.630559051673,27272.281145211044,49724.67304799039,90661.39706335912,215798.8160803632,95816.28328763742
RUS,2080,False,14603.638400964039,34760.636604699175,63377.9507077349,115554.97908715112,275052.32090976124,122125.28121283789
RUS,2080,True,13838.863473544374,32940.26399572899,60058.923878823865,109503.50422055055,260648.16264557914,115729.72754934203
RUS,2090,False,17801.753722396326,42373.02205659381,77257.36826343164,140860.8747098481,335287.2443956063,148870.03633873997
RUS,2090,True,16700.93991836114,39752.78540317341,72479.9750484688,132150.40731730187,314553.9597595396,139664.3033775694
RUS,2100,False,21700.23845372202,51652.477445302626,94176.30081660321,171708.62026688547,408713.28001366253,181471.74360134077
RUS,2100,True,20137.500121524918,47932.73461257465,87394.21334855568,159343.05832008974,379279.8748961346,168403.09228023893
SAF,2020,False,489.2275000604797,1628.4770868757714,3745.4569630103333,8614.458241273824,28674.691958298237,13221.8522
SAF,2020,True,480.23134017561756,1598.5318359637563,3676.5836276460177,8456.05127590416,28147.407385223072,12978.7221708203
SAF,2030,False,596.3655926817096,1985.104481990883,4565.691138240107,10500.976527390641,34954.28949223409,16117.364053795405
SAF,2030,True,576.736265789653,1919.7649230524407,4415.411771119553,10155.337705380369,33803.77178440107,15586.862275133795
SAF,2040,False,726.9663297558703,2419.8312866534698,5565.552020934202,12800.631791385118,42609.08384591474,19646.976846600683
SAF,2040,True,689.4522773229177,2294.959371613192,5278.349709374924,12140.07358869889,40410.30332460434,18633.122848961073
SAF,2050,False,886.1678994964745,2949.760835759314,6784.376857709337,15603.898726105952,51940.23544925883,23949.555145772425
SAF,2050,True,820.1887808552814,2730.138098063337,6279.250000986459,14442.119467457684,48073.055246832875,22166.404863230506
SAF,2060,False,1080.2337246646773,3595.741999109675,8270.117532689248,19021.065477286455,63314.85718586039,29194.37408405331
SAF,2060,True,970.6251092072642,3230.891047815014,7430.969381941101,17091.045515969894,56890.4569143541,26232.093931679632
SAF,2070,False,1316.7988826563949,4383.189432655488,10081.227125049003,23186.572679167108,77180.45761232878,35587.779103700545
SAF,2070,True,1142.1349959389759,3801.7909270751197,8744.02496325039,20111.04082905692,66943.02585053712,30867.316548816023
SAF,2080,False,1605.1704902134766,5343.083460187026,12288.959612134524,28264.302714707595,94082.54716207068,43381.30414741699
SAF,2080,True,1335.5334496516386,4445.550630831228,10224.656336188289,23516.456312096416,78278.53148899006,36094.09912007634
SAF,2090,False,1956.6938707104773,6513.188923534265,14980.173194732924,34454.02729427123,114686.10000945776,52881.567687796734
SAF,2090,True,1550.7189346954424,5161.832180373645,11872.086158094118,27305.50409622331,90891.02260358453,41909.697545109186
SAF,2100,False,2385.198910034015,7939.540954159929,18260.74753493447,41999.2670180637,139801.7159624897,64462.33593199928
SAF,2100,True,1786.1752853702526,5945.588759850297,13674.706877515959,31451.487100613147,104691.63341223812,48273.13596136512
SEAS,2020,False,1422.2482687260804,3175.909177088379,5540.003868791483,9663.89186682038,21579.666181429322,9726.7576
SEAS,2020,True,1378.097842394497,3077.320381276777,5368.027190693749,9363.898570766234,20909.775078059065,9424.81278185048
SEAS,2030,False,1733.712703424296,3871.415565280875,6753.233802806185,11780.230261086763,26305.492660511914,11856.863239041599
SEAS,2030,True,1651.4303436504601,3687.6773901222714,6432.72394422246,11221.138121629705,25057.028594438492,11294.134082764991
SEAS,2040,False,2113.3861113482426,4719.233971558237,8232.154322540715,14360.034954518149,32066.24876837707,14453.450127032675
SEAS,2040,True,1972.8817172121824,4405.4848149797945,7684.855440754632,13405.335763384515,29934.386146954454,13492.540408562465
SEAS,2050,False,2576.205877027927,5752.719877979187,10034.950183712854,17504.80248048729,39088.57831881541,17618.675054525345
SEAS,2050,True,2349.213048261964,5245.840295937723,9150.757755988723,15962.4317144446,35644.43317337228,16066.270828839444
SEAS,2060,False,3140.380588854742,7012.53343104955,12232.548278871333,21338.256546824392,47648.75885616403,21477.06657916722
SEAS,2060,True,2787.57492414743,6224.7112393049665,10858.284171550067,18941.012782353475,42295.66499856314,19064.228218964003
SEAS,2070,False,3828.106414473782,8548.239122476092,14911.40809426063,26011.21566299554,58083.57116533974,26180.42431786074
SEAS,2070,True,3295.2959511073673,7358.462571178346,12835.981396060852,22390.875377332533,49999.27801466595,22536.532925712432
SEAS,2080,False,4666.440358389677,10420.255791079238,18176.923261168366,31707.526750471792,70803.54914391752,31913.79115656729
SEAS,2080,True,3879.5472994953507,8663.107660135753,15111.78288697443,26360.746164324435,58864.07985095554,26532.228591654963
SEAS,2090,False,5688.364758115353,12702.233664243648,22157.568028037145,38651.298180659614,86309.13132226004,38902.73334073356
SEAS,2090,True,4546.836348404141,10153.177615431416,17711.036472895914,30894.841479725335,68988.80648175204,31095.81919014027
SEAS,2100,False,6934.084899037442,15483.951958182564,27009.951786831516,47115.716807777586,105210.3494764297,47422.21486489821
SEAS,2100,True,5302.267284309243,11840.07018879798,20653.624204971453,36027.843247396224,80450.90334516298,36262.212258540094
STAN,2020,False,414.78140512213923,826.4372283087141,1332.1921980516129,2147.4541462532447,4278.726169093784,2016.4015
STAN,2020,True,410.4499258647297,817.8069096209318,1318.2803813657995,2125.028712094751,4234.044287455172,1995.3446224158
STAN,2030,False,505.61621836147253,1007.4223697842557,1623.9348557854664,2617.73462147731,5215.743324810867,2457.9821769690584
STAN,2030,True,497.69908763821064,991.6477678124928,1598.5066672258122,2576.7451388531044,5134.073235478435,2419.494158776969
STAN,2040,False,616.3433488414859,1228.042247344903,1979.567527637475,3191.00389660793,6357.962009069352,2996.266558171849
STAN,2040,True,603.0409374642558,1201.5376648041713,1936.8429299742777,3122.133117651995,6220.739426357271,2931.5987550268032
STAN,2050,False,751.3191030386535,1496.9766470312584,2413.0817701928995,3889.8159441465946,7750.320211594196,3652.4322152283808
STAN,2050,True,730.1198515310401,1454.737890804922,2344.9941531632494,3780.0607333649436,7531.63684953722,3549.3750337565125
STAN,2060,False,915.8537942395847,1824.8061795935653,2941.533212856216,4741.663930721337,9447.597091105912,4452.2944897724865
STAN,2060,True,883.2877505422892,1759.9194933588049,2836.937807181823,4573.059251964756,9111.658252790732,4293.979245768345
STAN,2070,False,1116.4206647090803,2224.428550496507,3585.7125727009775,5780.061873039717,11516.568136416807,5427.322139206066
STAN,2070,True,1067.7346288427852,2127.423351994825,3429.343081845812,5527.998910971968,11014.341630700588,5190.641819072276
STAN,2080,False,1360.910560647207,2711.5659907322683,4370.963617827538,7045.863170459861,14038.63229578151,6615.875403206204
STAN,2080,True,1289.6413161844764,2569.564550624096,4142.061525636774,6676.879815295328,13303.446056551638,6269.409988740001
STAN,2090,False,1658.942379540882,3305.3838121501913,5328.180260131866,8588.867888837141,17113.01443291585,8064.7151998889285
STAN,2090,True,1556.3577297375277,3100.9875383453436,4998.699554342649,8057.754804109342,16054.790461829965,7566.014344001845
STAN,2100,False,2022.2415037531598,4029.244422952082,6495.022005826959,10469.782030564626,20860.669103014166,9830.842827511507
STAN,2100,True,1876.6101863086767,3739.079191682072,6027.28429508173,9715.802771589919,19358.39218969442,9122.876647456831
TUR,2020,False,3418.864169489307,8337.621339733189,15459.243080335977,28663.834309434285,69902.80536726165,30918.1181
TUR,2020,True,3382.2864255127747,8248.418796543652,15293.847730468078,28357.165678924506,69154.92923319839,30587.33133807172
TUR,2030,False,4167.576345327476,10163.51388916397,18844.73105227212,34941.05407885467,85211.12968467153,37689.01344063891
TUR,2030,True,4104.519834257557,10009.737287859505,18559.605383599126,34412.386867805704,83921.86319090569,37118.768891694184
TUR,2040,False,5080.252309856336,12389.266718430094,22971.621999021645,42592.9499508589,103871.89160706422,45942.69707924624
TUR,2040,True,4979.711640021278,12144.077090304836,22517.00240099528,41750.014707268296,101816.21623461325,45033.46870698313
TUR,2050,False,6192.7992178803515,15102.446997593044,28002.279035036197,51920.56832121297,126619.25626331154,56003.8913791106
TUR,2050,True,6039.964126345161,14729.72639289168,27311.19722712663,50639.19546658848,123494.35830678702,54621.744216880645
TUR,2060,False,7548.987690744045,18409.798618332494,34134.6218908453,63290.88306651517,154348.16684886298,68268.43108912831
TUR,2060,True,7324.048617276022,17861.237246452387,33117.50402870831,61404.98880106145,149749.0159342257,66234.21958085778
TUR,2070,False,9202.1738716261,22441.44178897451,41609.91361357132,77151.23329462268,188149.5541251838,83218.83655944404
TUR,2070,True,8878.774657300415,21652.764597678677,40147.583781673595,74439.84698745115,181537.26676475597,80294.21171146058
TUR,2080,False,11217.39860133377,27355.992317397093,50722.252511407336,94046.92288185879,229353.25660310063,101443.297404418
TUR,2080,True,10760.636366163684,26242.081272575673,48656.88867319824,90217.41799992663,220014.20127906904,97312.61890111899
TUR,2090,False,13673.946301882861,33346.8019883265,61830.1427809706,114642.67421066313,279580.3400068054,123658.81348185419
TUR,2090,True,13037.791118795172,31795.403404777022,58953.609194192504,109309.13480718424,266573.3792905521,117905.81479411449
TUR,2100,False,16668.464241303154,40649.565548440085,75370.59903748229,139748.78015607523,340806.8744085328,150739.4036175527
TUR,2100,True,15792.436434637228,38513.18698147627,71409.42183446838,132404.14326619255,322895.42831711797,142817.14352102863
UKR,2020,False,4213.88069996492,7196.398458730174,10425.516163714961,15103.581034763996,25793.655544350546,13384.2535
UKR,2020,True,4169.875986591325,7121.247908905346,10316.644583520518,14945.857358734162,25524.297558232,13244.4844175502
UKR,2030,False,5136.697059780839,8772.369565250954,12708.646029133686,18411.181003315953,31442.32217983015,16315.330332295302
UKR,2030,True,5056.264706879126,8635.008471839184,12509.649224295472,18122.891740670744,30949.986360881667,16059.858695225235
UKR,2040,False,6261.60505307632,10693.469550172747,15491.768595202493,22443.126908555627,38328.01528889035,19888.296635439183
UKR,2040,True,6126.462122671815,10462.674602399464,15157.412948789512,21958.741529383195,37500.78964006338,19459.05163111768
UKR,2050,False,7632.86161991101,13035.279712044428,18884.379473401863,27358.0464687635,46721.63676663108,24243.722621800873
UKR,2050,True,7417.492474432252,12667.47570976352,18351.537025495596,26586.110675433283,45403.33709255477,23559.66072152209
UKR,2060,False,9304.415723263664,15889.933232053023,23019.9532031404,33349.30598737997,56953.41451154518,29552.962595875928
UKR,2060,True,8973.56814592389,15324.916999946028,22201.406829648982,32163.46719641747,54928.25787916684,28502.114657771446
UKR,2070,False,11342.030847969892,19369.739943961897,28061.194503168594,40652.61790931394,69425.89448922202,36024.89649868654
UKR,2070,True,10847.415746228846,18525.04413758476,26837.47268824827,38879.796179874356,66398.29772753661,34453.885267474994
UKR,2080,False,13825.872315083703,23611.604908439116,34206.43951775007,49555.31438963264,84629.77798550641,43914.14781278756
UKR,2080,True,13101.82805940125,22375.09364088258,32415.089541723166,46960.162351145555,80197.81859707514,41614.41686327267
UKR,2090,False,16853.661203647032,28782.414630508105,41697.45890002549,60407.65172204809,103163.22712972747,53531.10114261301
UKR,2090,True,15811.474956672624,27002.585528678323,39118.99730202069,56672.20082648154,96783.88348391872,50220.87811616729
UKR,2100,False,20544.51896372786,35085.60282856484,50828.96972709181,73636.59037416331,125755.39821978955,65254.11358902024
UKR,2100,True,19065.009539458788,32558.920157986315,47168.53163798924,68333.66604568601,116699.14836807105,60554.851649729666
USA,2020,False,7718.227023406397,18589.34454781033,34171.22590813252,62814.085621010716,151287.6825886991,67038.7
USA,2020,True,7647.2548386353665,18418.408088955395,33857.00781741688,62236.48497809128,149896.53183222297,66422.25233802
USA,2030,False,9408.475673785144,22660.30727514076,41654.53370639383,76570.019869085,184418.8408895622,81719.80122370254
USA,2030,True,9267.797484676183,22321.483952144703,41031.703337993014,75425.12327704369,181661.35822462806,80497.90364442446
USA,2040,False,11468.879347000506,27622.78812376319,50776.64415557761,93338.4269593023,224805.53798627734,99615.98169477413
USA,2040,True,11216.926346273363,27015.959492502683,49661.16220875619,91287.93047712439,219866.91860054497,97427.57733991077
USA,2050,False,13980.499927586734,33672.02458756478,61896.44589170852,113779.02163447774,274036.69638919155,121431.32582822957
USA,2050,True,13557.676898922879,32653.655609981623,60024.46399899961,110337.91503778363,265748.79348640057,117758.78470113825
USA,2060,False,17042.151400465333,41046.01008216773,75451.4221595001,138695.99248489112,334049.2037722219,148024.10859717708
USA,2060,True,16364.24231125085,39413.26650086549,72450.0871945562,133178.89128482994,320761.26927611907,142135.95009635785
USA,2070,False,20774.287461873082,50034.85725321103,91974.86259309942,169069.64091471708,407204.1154020302,180440.56240465687
USA,2070,True,19723.685619516033,47504.48342889715,87323.48957882928,160519.41378622275,386610.89916576206,171315.28252941716
USA,2080,False,25323.74049539034,60992.211796898446,112116.84428077271,206094.94886555744,496379.544473976,219956.0387119925
USA,2080,True,23737.833491470992,57172.555854252816,105095.49257190576,193188.1895762738,465293.6234850578,206181.2244261171
USA,2090,False,30869.498357276094,74349.16584355762,136669.80756568306,251228.59265621938,605083.8949133162,268125.1838340697
USA,2090,True,28525.34172591519,68703.26618781388,126291.4259022052,232150.88803509023,559135.2562806315,247764.39207629405
USA,2100,False,37629.74624555689,90631.21829456155,166599.7328043249,306246.2525910673,737593.8915280267,326843.1029537995
USA,2100,True,34223.90801666852,82428.25923169541,151520.9242679917,278528.1492660518,670834.8584809381,297260.7951799334
WAF,2020,False,943.6310510614575,2029.8160364936252,3450.262533547695,5864.724357467823,12615.430084684287,5755.5193
WAF,2020,True,906.5580517797754,1950.0694359782783,3314.709999234687,5634.313412801371,12119.800113689245,5529.39875994932
WAF,2030,False,1150.2809857777045,2474.3344221016036,4205.850775911615,7149.066266560614,15378.138879064134,7015.945910872131
WAF,2030,True,1078.5371698765714,2320.0084830902115,3943.5289714955984,6703.174088532171,14418.993784706423,6578.356540948223
WAF,2040,False,1402.186103089091,3016.199853742808,5126.908627166879,8714.671887110144,18745.865483483616,8552.398916338165
WAF,2040,True,1275.9775053385017,2744.716380017191,4665.443528343961,7930.277778292784,17058.579187406754,7782.610746096887
WAF,2050,False,1709.2570354597951,3676.7307913014856,6249.673008339407,10623.136402472444,22851.105422338846,10425.32655658543
WAF,2050,True,1500.3843087609891,3227.4310255058667,5485.957420135536,9324.979706056754,20058.68005937298,9151.342398893372
WAF,2060,False,2083.5747885622714,4481.914318419419,7618.316523957585,12949.543997457089,27855.370000542996,12708.414899100797
WAF,2060,True,1752.3947430698754,3769.52300133529,6407.4003491075755,10891.239878149281,23427.814649696687,10688.437767718524
WAF,2070,False,2539.8660408991655,5463.428545047879,9286.685332458153,15785.4218743768,33955.54059755128,15491.486848982111
WAF,2070,True,2031.2584059306412,4369.378139880608,7427.028568054042,12624.394498434993,27155.95080844401,12389.319899414399
WAF,2080,False,3096.0825313902587,6659.888910453441,11320.417600513647,19242.3411821285,41391.61451632046,18884.03602633136
WAF,2080,True,2334.1172698992946,5020.848625285158,8534.392076417234,14506.680752574288,31204.87948626326,14236.556735026046
WAF,2090,False,3774.1073296079685,8118.367419627708,13799.525887036576,23456.306528649966,50456.14712996863,23019.534543077898
WAF,2090,True,2655.0188840880123,5711.130321594584,9707.72652227387,16501.103796375482,35495.022199674706,16193.842298898433
WAF,2100,False,4600.615775253427,9896.244583993412,16821.54505487079,28593.106772110903,61505.76180586625,28060.68415888852
WAF,2100,True,2983.5766205968716,6417.880869628738,10909.054570040627,18543.11010590769,39887.51982790259,18197.825096533074
WEU,2020,False,12750.502388486362,25015.47091497967,39895.04131588344,63625.199261908056,124827.57722811507,59285.9185
WEU,2020,True,12666.306996064468,24850.286255886782,39631.60238956227,63205.062983621894,124003.30328740465,58894.43579436895
WEU,2030,False,15542.7912636947,30493.719458901363,48631.83274952222,77558.76287132048,152164.12010253692,72269.20383576395
WEU,2030,True,15367.267129094078,30149.355076212905,48082.63536196283,76682.89479185382,150445.7366381299,71453.07053986244
WEU,2040,False,18946.575821587103,37171.67386528631,59281.932755785885,94543.69916183621,185487.21332840458,88095.75621325997
WEU,2040,True,18620.885248958908,36532.6948824487,58262.87966632264,92918.49829132733,182298.69856494505,86581.39511934032
WEU,2050,False,23095.770204522265,45312.06302364897,72264.34523580743,115248.24172394136,226107.87802770236,107388.23524918238
WEU,2050,True,22534.675825318187,44211.240507336785,70508.73727947545,112448.37230751487,220614.7570652214,104779.31878277405
WEU,2060,False,28153.615004793814,55235.15198427886,88089.83360702397,140486.96357569148,275624.24163262435,130905.65954183762
WEU,2060,True,27235.641753149383,53434.16152307346,85217.58750366255,135906.26320221293,266637.2720629812,126637.36597002391
WEU,2070,False,34319.09959352433,67331.34205639828,107381.01562522887,171252.82468077465,335984.41256545583,159573.26852723354
WEU,2070,True,32873.413582613146,64495.02116046259,102857.60930147668,164038.82967792387,321831.1285083838,152851.27276517905
WEU,2080,False,41834.79090375051,82076.53025750784,130896.85886052385,208756.23769420478,409563.12412250706,194518.92391502272
WEU,2080,True,39623.776447684744,77738.69586219359,123978.8167013058,197723.2422049311,387917.2650529656,184238.38603104075
WEU,2090,False,50996.3766733193,100050.83239643292,159562.54054581988,254472.68888833484,499255.1629409563,237117.48283579745
WEU,2090,True,47692.59242658786,93569.07064184456,149225.33146916932,237986.75565903293,466911.07400715107,221755.90117998977
WEU,2100,False,62164.29860472703,121961.40640708242,194505.84656554167,310200.7877959421,608589.2577785992,289044.88846003974
WEU,2100,True,57320.10833737452,112457.4906359667,179348.8617684139,286028.20528647065,561164.5747126471,266520.8920998581
