SSP,Region,2020,2025,2030,2035,2040,2045,2050,2055,2060,2065,2070,2075,2080,2085,2090,2095,2100,2105,2110,2115,2120,2125,2130,2135,2140,2145,2150
SSP1,BRA,0.408426443465943,0.446474126479505,0.469866401542719,0.496520859863702,0.518306440812484,0.543546138423959,0.5630279680090481,0.5856550662577,0.6023345527451399,0.62259443000204,0.638006560121208,0.6576419418250409,0.672475872501687,0.687055216851089,0.705538085084044,0.7195462319843059,0.7349551935745939,0.7489633404748558,0.7615706726850915,0.772777190205301,0.7825828930354843,0.7909877811756415,0.7979918546257725,0.8035951133858772,0.8077975574559557,0.8105991868360081,0.8120000015260342
SSP1,CAN,0.72403697264813,0.741392454024355,0.754723035722993,0.767635380249038,0.780008944649016,0.791698667274011,0.7987063381704619,0.809698316968593,0.816576378133115,0.827658879386408,0.834644824860621,0.841319405658574,0.848137626948838,0.854789034872232,0.861676456747003,0.86832603840713,0.8756405782332697,0.8822901598933967,0.8882747833875109,0.8935944487156124,0.8982491558777013,0.9022389048737774,0.9055636957038409,0.9082235283678917,0.9102184028659297,0.9115483191979551,0.9122132773639677
SSP1,CEU,0.5338110367076495,0.566032879006981,0.5841438407234149,0.6015727379504668,0.6176819227370229,0.6335946524380995,0.6492060059897503,0.6629887543922458,0.6768908595700519,0.6905761945976171,0.7068322512159011,0.7203948575585882,0.73353498465157,0.7462819368433781,0.756978153052274,0.7688043925706,0.7818132560407585,0.7936394955590844,0.8042831111255778,0.8137441027402386,0.8220224704030668,0.8291182141140623,0.8350313338732253,0.8397618296805557,0.8433097015360534,0.8456749494397187,0.8468575733915512
SSP1,CHN,0.46404931715769565,0.5031058927889793,0.5300251156463577,0.5493992181788597,0.5707904904272696,0.5911255259002929,0.6061903629197317,0.6250091944395699,0.643363363004281,0.6615278786437844,0.6791982231265634,0.6964092969676207,0.7089181220691382,0.7255705554257798,0.7417625318145215,0.7536205316645906,0.7666643314996667,0.7785223313497359,0.7891945312147982,0.7986809310948536,0.806981530989902,0.8140963308999435,0.8200253308249781,0.8247685307650058,0.8283259307200266,0.8306975306900404,0.8318833306750473
SSP1,EAF,0.28897270462252544,0.32820051406310163,0.35195677341749165,0.37602287747619817,0.40022273134218234,0.4235550345227277,0.44819909827852655,0.47158384494026084,0.4948290972547396,0.5169199300567682,0.5368202089158304,0.5579688713309483,0.5763396416850859,0.5951560555821933,0.6128090773453994,0.6281719505280493,0.6450711110289642,0.6604339842116141,0.6742605700759992,0.6865508686221191,0.6973048798499741,0.7065226037595641,0.7142040403508891,0.7203491896239491,0.7249580515787442,0.7280306262152741,0.7295669135335391
SSP1,INDIA,0.368644527446069,0.429466524804052,0.46411965775772807,0.49400931949048,0.52063205289601,0.540849175088293,0.564136362212634,0.58620875468908,0.607611491274712,0.6237760396926831,0.643941496537847,0.659259302473052,0.678852980834781,0.6936035035592251,0.707780002950312,0.7217358668341212,0.7370873171063113,0.7510431809901205,0.7636034584855488,0.7747681495925961,0.7845372543112625,0.7929107726415481,0.7998887045834526,0.8054710501369763,0.8096578093021191,0.8124489820788809,0.8138445684672618
SSP1,INDO,0.37635505946438286,0.4222683139901492,0.45244605367926594,0.4780815992996477,0.5060691357403638,0.5321168436833068,0.5569898393531227,0.5759570945152453,0.5975786138789109,0.618524149427009,0.638793923196387,0.6587163331859774,0.6779235479509582,0.6926957243299704,0.7111185519410115,0.7251604864910323,0.7406066144960551,0.7546485490460759,0.7672862901410946,0.7785198377811112,0.7883491919661257,0.7967743526961382,0.8037953199711485,0.8094120937911569,0.8136246741561631,0.8164330610661673,0.8178372545211694
SSP1,JAP,0.713305704279604,0.733859922337824,0.755295976262938,0.77267463826154,0.790081518983321,0.811369953563418,0.82422991090392,0.8410457668418859,0.853162238442452,0.86966015074754,0.8816562940118019,0.8936202076396749,0.905376538881925,0.912933371370413,0.924855035804107,0.932492269591721,0.9408932267580965,0.9485304605457106,0.9554039709545632,0.9615137579846544,0.9668598216359843,0.9714421619085527,0.9752607788023597,0.9783156723174053,0.9806068424536896,0.9821342892112124,0.9828980125899738
SSP1,KOR,0.744533175975615,0.764814187164605,0.785822693977158,0.803370231591814,0.825098877185055,0.842499653142947,0.860020411792191,0.88178385119673,0.8993145631920368,0.912672712491083,0.9303249838453781,0.943373451632972,0.9521099501239649,0.964669685340808,0.972922246291656,0.980930572762859,0.9897397318811822,0.9977480583523852,1.0,1.0,1.0,1.0,1.0,1.0,1.0,1.0,1.0
SSP1,ME,0.3846328400426966,0.4413380982146209,0.47770651734710357,0.510701427413413,0.5399725175693261,0.5683298958961551,0.592863179722764,0.6180774039924978,0.6402708483287881,0.6616543365155381,0.681725162190998,0.7011014491646926,0.718105789519698,0.7361280389258056,0.7512238023020888,0.76694828382478,0.7842452134997402,0.7999696950224313,0.8141217283928533,0.8267013136110063,0.83770845067689,0.8471431395905047,0.8550053803518503,0.8612951729609267,0.8660125174177341,0.8691574137222723,0.8707298618745414
SSP1,MEX,0.403702031150452,0.449543731269757,0.47984955125130907,0.508904101669879,0.536125977326262,0.561781179586587,0.585730671599151,0.603777947377206,0.625262748714885,0.646329465293371,0.666743255925209,0.686753084244134,0.702053467781303,0.721133364060714,0.73555927254285,0.754024094891329,0.774335399474656,0.792800221823135,0.8094185619367662,0.8241904198155494,0.8371157954594848,0.8481946888685722,0.8574271000428118,0.8648130289822034,0.8703524756867471,0.8740454401564429,0.8758919223912908
SSP1,NAF,0.3583261629789068,0.40501552516405226,0.4365715524571876,0.4685711545860045,0.4981703806764502,0.5266632638425536,0.5517741790156778,0.5771869516957139,0.601070374051378,0.6238961480320647,0.6451475177329891,0.6645738822154094,0.6805352417427609,0.6965600619734552,0.7140091155920224,0.7278168469912172,0.7430053515303314,0.7568130829295262,0.7692400411888015,0.7802862263081574,0.7899516382875937,0.7982362771271106,0.805140142826708,0.8106632353863858,0.8148055548061442,0.8175671010859832,0.8189478742259027
SSP1,OCE,0.7287396029959353,0.7538405092295363,0.772107131724887,0.789895387208273,0.8030458207892757,0.8196903844233443,0.8315154171092914,0.8466780781175431,0.8582928211001517,0.8699213914642614,0.8813268054218832,0.8925760305629338,0.900405364657351,0.9114624146827386,0.9180813343563755,0.9275661952237197,0.9379995421777985,0.9474844030451427,0.9560207778257526,0.963608666519628,0.970248069126769,0.9759389856471755,0.9806814160808477,0.9844753604277854,0.9873208186879887,0.9892177908614576,0.990166276948192
SSP1,RCAM,0.34732166115535423,0.4002471932936259,0.43101086735629107,0.45931140594683384,0.486843596226258,0.5121653333798982,0.5365979370748759,0.5599494270508094,0.5814078334406578,0.6019029929546409,0.6208435096855403,0.6395135094792048,0.6565712050582543,0.6738298930029082,0.6896767372735028,0.7049267609095747,0.7217017869092539,0.7369518105453259,0.7506768318177907,0.7628768507266482,0.7735518672718986,0.7827018814535418,0.7903268932715778,0.7964269027260066,0.8010019098168282,0.8040519145440426,0.8055769169076498
SSP1,RSAF,0.3277853558943366,0.3572976379830059,0.3766310206851089,0.3970116830016215,0.4148665183783372,0.4354101914215371,0.4553342547071203,0.475111495025689,0.4964149483462811,0.5155764959892075,0.5333051172712542,0.5527679022403216,0.5699162772411367,0.5863054602840965,0.6012398967308256,0.615632923901241,0.631465253788698,0.6458582809591135,0.6588120054124874,0.6703264271488197,0.6804015461681105,0.6890373624703598,0.6962338760555675,0.7019910869237337,0.7063089950748583,0.7091876005089415,0.710626903225983
SSP1,RSAM,0.39486922225402865,0.4520404273280009,0.48573089367955274,0.5174231840904135,0.5458376813130739,0.5732020746995619,0.5986284274389936,0.6222231938080887,0.6434799524663771,0.6641258837474707,0.68399180674398,0.7006596326633837,0.7179940552480554,0.7337447068485284,0.7486076318014183,0.76256313576908,0.7779141901335078,0.7918696941011695,0.8044296476720649,0.8155940508461943,0.8253629036235575,0.8337362060041544,0.8407139579879852,0.8462961595750499,0.8504828107653484,0.8532739115588807,0.8546694619556469
SSP1,RSAS,0.31956741122311194,0.361257330462129,0.38808222443523155,0.41567848752992814,0.44208654682801707,0.4695558316416732,0.4945609627836699,0.518654409397849,0.5439909598774737,0.5656430536888033,0.5887284957881129,0.6061657090618426,0.6266136788121635,0.6421095286195808,0.6579079047571137,0.6717590311215029,0.6869952701223311,0.7008463964867203,0.7133124102146706,0.724393311306182,0.7340890997612545,0.742399775579888,0.7493253387620826,0.7548657893078383,0.7590211272171551,0.7617913524900329,0.7631764651264719
SSP1,RUS,0.4657476175023148,0.5135544456804438,0.5362061620653087,0.5600930259905982,0.58232194682409,0.603294367356477,0.6195681528591503,0.6356497903528858,0.6550766675731063,0.6711140674957409,0.6901674126704395,0.7052945179693816,0.7200280379377999,0.73062641984663,0.7447082318386584,0.7541183716258167,0.7644695253916909,0.7738796651788492,0.7823487909872917,0.7898769028170184,0.7964640006680292,0.8021100845403243,0.8068151544339035,0.8105792103487668,0.8134022522849143,0.8152842802423459,0.8162252942210617
SSP1,SAF,0.4305651,0.4597025,0.4807397,0.5007309,0.5195613,0.5410705,0.5568972,0.5715548,0.5895239,0.6026605,0.6197419,0.6326857,0.6454194,0.6581183,0.6709767,0.6835680999999999,0.6974186399999998,0.7100100399999997,0.7213422999999997,0.7314154199999996,0.7402293999999996,0.7477842399999995,0.7540799399999996,0.7591164999999995,0.7628939199999994,0.7654121999999994,0.7666713399999994
SSP1,SEAS,0.43337819734467303,0.47755565774098646,0.5051251892873968,0.5322861538789526,0.5579754180776585,0.5807653637227441,0.6051660841657834,0.6261335912442657,0.646129203507592,0.666482346846675,0.683923562789995,0.699811454159582,0.714808511515082,0.7308653248211834,0.7447326830977,0.7565211756206953,0.7694885173959901,0.7812770099189854,0.7918866531896812,0.8013174472080774,0.8095693919741741,0.8166424874879713,0.8225367337494689,0.827252130758667,0.8307886785155656,0.8331463770201647,0.8343252262724642
SSP1,STAN,0.37024842408520603,0.43907324594074004,0.47800695112198976,0.5095900531709983,0.5376921752558621,0.5596866341183178,0.5801434602224943,0.601578168965027,0.6203638262770964,0.6412011457876526,0.6592881697666898,0.6778313562826835,0.69358586593267,0.7108431055579559,0.7262200002994725,0.7404403546513978,0.7560827444385155,0.7703030987904408,0.7831014177071736,0.7944777011887137,0.8044319492350614,0.8129641618462166,0.8200743390221792,0.8257624807629493,0.8300285870685269,0.832872657938912,0.8342946933741044
SSP1,TUR,0.46289899999999995,0.4976977,0.5196004,0.5361651,0.5561961,0.5755179,0.5956827,0.6162384,0.6363247,0.6554911,0.6699572,0.6886099,0.7028466,0.7208976,0.7345131,0.7477695,0.7623515399999999,0.7756079399999999,0.7875386999999998,0.7981438199999997,0.8074232999999997,0.8153771399999997,0.8220053399999997,0.8273078999999997,0.8312848199999996,0.8339360999999996,0.8352617399999996
SSP1,UKR,0.41238396874772654,0.4707099260792408,0.5020823621160421,0.5317182843649515,0.5576132696702113,0.5808209011198437,0.5984545322155062,0.6197777245591135,0.636765568690426,0.6576729305174617,0.6749650613872741,0.6911600891208902,0.70699247616826,0.7225689628308634,0.7374943229025759,0.7484051284770559,0.7604070146089839,0.7713178201834638,0.7811375452004958,0.7898661896600798,0.7975037535622158,0.8040502369069038,0.8095056396941438,0.8138699619239358,0.8171432035962798,0.8193253647111758,0.8204164452686238
SSP1,USA,0.7430847,0.7683175,0.7808739,0.7930847999999999,0.8049516,0.8167023,0.8280827999999999,0.8434698999999999,0.8544438,0.8610692,0.8722201,0.8831682,0.8900746000000002,0.9013418,0.908291,0.9193243,0.93146093,0.94249423,0.9524242,0.96125084,0.9689741500000001,0.9755941300000001,0.9811107800000001,0.9855241000000001,0.9888340900000001,0.9910407500000001,0.9921440800000001
SSP1,WAF,0.27402037689536535,0.3219318394683121,0.35454254602671154,0.3842820577507943,0.41414719816399465,0.4451115145534671,0.4720847365956663,0.49804674388831516,0.5227397053743721,0.5471950752036703,0.5693228309374375,0.5916123721594401,0.6105908290060661,0.6289258856434004,0.6453463688098819,0.6619178710783692,0.6801465235737052,0.6967180258421924,0.7116323778838309,0.7248895796986208,0.7364896312865619,0.7464325326476542,0.7547182837818978,0.7613468846892927,0.7663183353698388,0.7696326358235362,0.771289786050385
SSP1,WEU,0.6713094119566414,0.6959222183067024,0.7147290407137733,0.7336807766636917,0.7512709682871116,0.7677416184612594,0.7831645030924886,0.7970547405591392,0.8131945219346913,0.8276256952677224,0.8412651471783363,0.8542788571980983,0.8663627238503054,0.8771333794689673,0.8878501655811827,0.8981409642047569,0.9094608426906885,0.9197516413142627,0.9290133600754794,0.9372459989743388,0.9444495580108407,0.9506240371849852,0.9557694364967724,0.9598857559462021,0.9629729955332743,0.9650311552579891,0.9660602351203466
SSP1,World,0.4309064309446284,0.4724445428841216,0.49789371807752614,0.520729976512551,0.5428232796695687,0.5636037380259908,0.583172020883899,0.6029315032716713,0.6222641897963268,0.6400005156456933,0.6579385770765389,0.6744975292638259,0.6901878805843059,0.7051719428816149,0.7193368505227173,0.7325311201052837,0.7470448166461066,0.7602390862286729,0.7721139288529826,0.7826693445190356,0.791905333226832,0.7998218949763718,0.806419029767655,0.8116967376006815,0.8156550184754514,0.8182938723919647,0.8196132993502213
SSP2,BRA,0.408426443465943,0.423099337906118,0.43684892050386603,0.450281207937844,0.463040545146443,0.476526223011951,0.490368803662499,0.503700251210111,0.520198565079861,0.531981483896269,0.542825382582083,0.557821432705312,0.568080599546684,0.582700550732515,0.592578609135193,0.606755172885845,0.6223493930115622,0.6365259567622142,0.6492848641378011,0.6606261151383227,0.6705497097637791,0.6790556480141704,0.6861439298894965,0.6918145553897572,0.6960675245149528,0.6989028372650832,0.7003204936401484
SSP2,CAN,0.72403697264813,0.733531480915484,0.746551690945288,0.759260400240257,0.771010917700132,0.778192613658598,0.788942172247592,0.795232119492156,0.801515321855263,0.807878842725754,0.818551329479372,0.824806063398978,0.830996896691549,0.837167150823166,0.843357597950364,0.849597959168635,0.856462356508733,0.862702717727004,0.868319042823448,0.8733113317980647,0.8776795846508545,0.8814238013818171,0.8845439819909526,0.887040126478261,0.8889122348437424,0.8901603070873966,0.8907843432092237
SSP2,CEU,0.5338110367076495,0.5492970149813691,0.5602954834414055,0.5709737911389017,0.5819705539039469,0.5899927322623159,0.5995819409046611,0.6079705964714955,0.6176576037010311,0.6265318123280426,0.6361437593850288,0.645026908434714,0.6548872203345085,0.6630475804035223,0.6723612740890498,0.6809749394056452,0.6904499712539003,0.6990636365704958,0.7068159353554316,0.713706867608708,0.7197364333303249,0.7249046325202821,0.7292114651785799,0.7326569313052181,0.7352410309001968,0.7369637639635158,0.7378251304951754
SSP2,CHN,0.46404931715769565,0.4891587856139873,0.5054898177815841,0.5235913026017659,0.5356341964256228,0.5509117908347589,0.5653556433959518,0.5791355821548185,0.5922964325659615,0.6053543901351205,0.6179692452055147,0.6343271449955823,0.6462583061913865,0.6578678024547122,0.673416000747803,0.6845150197039254,0.69672394055566,0.7078229595117824,0.7178120765722926,0.7266912917371906,0.7344606050064763,0.7411200163801497,0.7466695258582109,0.7511091334406599,0.7544388391274967,0.7566586429187211,0.7577685448143333
SSP2,EAF,0.28897270462252544,0.3048325761582205,0.31763921678546714,0.33242143093966064,0.3460460237988433,0.3584674781045549,0.37145056784613045,0.3846025440708212,0.3980020793803558,0.4113710948965154,0.42479596948529197,0.4384716615674651,0.451744245355012,0.46420069900006344,0.47694925007164307,0.4904584878936482,0.5053186494978539,0.5188278873198591,0.5309862013596637,0.5417935916172678,0.5512500580926714,0.5593556007858744,0.566110219696877,0.571513914825679,0.5755666861722806,0.5782685337366816,0.5796194575188821
SSP2,INDIA,0.368644527446069,0.395739798456528,0.422491863192158,0.441254361265204,0.4572264513905309,0.471613304337997,0.489145611928177,0.501828793651194,0.514186199083702,0.530672692485157,0.546439368711144,0.55749728719158,0.57214077453128,0.586415551095017,0.596265053687892,0.609916339419131,0.624932753723494,0.6385840394547331,0.6508701966128483,0.6617912251978395,0.6713471252097069,0.6795378966484503,0.6863635395140699,0.6918240538065655,0.6959194395259373,0.6986496966721851,0.700014825245309
SSP2,INDO,0.37635505946438286,0.401590034063878,0.4225149576420325,0.4402662027525309,0.4599942917833737,0.4740338374158827,0.4924120283464779,0.5103658111514305,0.5236536091160507,0.5402679407812027,0.5559720051576204,0.5710414595079889,0.586058226004477,0.6005089389643811,0.6147735426477555,0.6288205398761951,0.6442722368274787,0.6583192340559183,0.670961531561514,0.6821991293442656,0.6920320274041734,0.7004602257412371,0.7074837243554569,0.7131025232468328,0.7173166224153646,0.7201260218610526,0.7215307215838965
SSP2,JAP,0.713305704279604,0.73413194687768,0.751163291487584,0.772492083858294,0.78967777070726,0.806396068197847,0.8187765180686539,0.834888267302203,0.846503933603804,0.862318830749205,0.873833650435181,0.8851057114851661,0.8920483020344231,0.903497528368848,0.910457205512303,0.917452612680616,0.9251475605657602,0.9321429677340731,0.9384388341855547,0.944035159920205,0.9489319449380241,0.9531291892390119,0.9566268928231684,0.9594250556904935,0.9615236778409874,0.96292275927465,0.9636222999914813
SSP2,KOR,0.744533175975615,0.764426372953574,0.785437598197188,0.802524526411443,0.824039949672386,0.84106839839282,0.862404908410017,0.879224897734964,0.8959003646390139,0.9084028272596388,0.9206754792368039,0.9327078528075439,0.9446454381530709,0.9522661572885791,0.959457046572067,0.962263411664623,0.9653504132664347,0.9681567783589907,0.9706825069422912,0.9729275990163361,0.9748920545811253,0.9765758736366589,0.9779790561829369,0.9791016022199593,0.9799435117477262,0.9805047847662374,0.980785421275493
SSP2,ME,0.3846328400426966,0.4099517881154212,0.43431426822850455,0.4571154316502051,0.478645540554677,0.49995055948982464,0.5195903044741544,0.537587071496669,0.5555374915168851,0.5746155763832389,0.5910878167174126,0.6086464223572712,0.6247503598746272,0.6408773592977656,0.6567769220990239,0.671372048805003,0.68742668818158,0.7020218148875591,0.7151574289229403,0.7268335302877236,0.737050118981909,0.7458071950054964,0.753104758358486,0.7589428090408776,0.7633213470526714,0.7662403723938672,0.7676998850644651
SSP2,MEX,0.403702031150452,0.425848671499708,0.442631254383191,0.46276317855566695,0.47812610801738903,0.4971790553073461,0.515574475753344,0.532821397088146,0.54908222239755,0.565007785492213,0.580639692847498,0.596089189401192,0.6111561828238,0.630343580024072,0.644766749247647,0.65912518322901,0.6749194606085094,0.6892778945898724,0.7022004851730992,0.7136872323581896,0.7237381361451438,0.7323531965339617,0.7395324135246433,0.7452757871171884,0.7495833173115973,0.7524550041078699,0.7538908475060062
SSP2,NAF,0.3583261629789068,0.37871005670920804,0.3975254275336145,0.41779838412335546,0.43968394826296947,0.46016061721802176,0.48064847329988536,0.49952441685324833,0.5181816350737707,0.5372188184939667,0.5546030436758149,0.5710790843002898,0.5864056316176445,0.601348538691751,0.6153738956898805,0.628991407953468,0.6439706714434141,0.6575881837070016,0.6698439447442303,0.6807379545551002,0.6902702131396115,0.698440720497764,0.7052494766295576,0.7106964815349925,0.7147817352140687,0.7175052376667862,0.7188669888931449
SSP2,OCE,0.7287396029959353,0.7435592332226426,0.7576827012302166,0.7707025951026043,0.7825438835130009,0.7942045527386862,0.8020270516166943,0.8126189338819456,0.8233424716120137,0.8341778069065945,0.8408165169101776,0.8514606672681053,0.861990919497634,0.8682134000020181,0.8786640048087652,0.8856900110873892,0.8934186179938757,0.9004446242724997,0.9067680299232613,0.9123888349461605,0.9173070393411974,0.9215226431083718,0.9250356462476839,0.9278460487591335,0.9299538506427206,0.9313590518984455,0.9320616525263079
SSP2,RCAM,0.34732166115535423,0.36368067935443743,0.3809318293426505,0.39738407963981803,0.41348876566901777,0.4291153422460353,0.4441130440567649,0.45975933108170436,0.47443618915794267,0.4900315483735285,0.5055904900474187,0.5193675060407016,0.5347879867189081,0.5500416454971256,0.5640111830590212,0.5790439673877767,0.5955800301494079,0.6106128144781634,0.6241423203740434,0.6361685478370478,0.6466914968671766,0.6557111674644299,0.6632275596288078,0.66924067336031,0.6737505086589367,0.6767570655246878,0.6782603439575634
SSP2,RSAF,0.3277853558943366,0.3393798802460118,0.3497326347712953,0.3600306261598721,0.37156104361240444,0.38202530199639523,0.3908043989083266,0.40235733458854595,0.4114753951540988,0.4216515922848138,0.43321913328201944,0.44120685130364956,0.452604651443799,0.46398202305203246,0.475302803041858,0.48674464633219855,0.49933067395157316,0.5107725172419137,0.5210701762032203,0.5302236508354927,0.5382329411387311,0.5450980471129354,0.5508189687581057,0.5553957060742418,0.558828259061344,0.5611166277194122,0.5622608120484462
SSP2,RSAM,0.39486922225402865,0.4165749746799614,0.43748031428659917,0.45644240736592545,0.47610490180268017,0.49390160302924313,0.512442969938215,0.5308215406603073,0.5469148182156308,0.5643872467595619,0.580771080904223,0.5963022959153716,0.6097396085148045,0.6244103120996913,0.6389032876196711,0.6515959125887204,0.6655578000546747,0.678250425023724,0.6896737874958684,0.6998278874711078,0.7087127249494424,0.716328299930872,0.7226746124153967,0.7277516624030164,0.7315594498937311,0.734097974887541,0.735367237384446
SSP2,RSAS,0.31956741122311194,0.33206704214245664,0.34700276122295404,0.362558570938227,0.37999121382616136,0.3957596152798831,0.40938527962364163,0.4262678398968411,0.4437690675985659,0.4601922054479457,0.47584913055380335,0.4915271951617416,0.5072358999750184,0.5219617263971429,0.5379406196265708,0.5512825517580571,0.565958677102692,0.5793006092341783,0.5913083481525159,0.6019818938577048,0.6113212463497453,0.6193264056286371,0.6259973716943802,0.6313341445469747,0.6353367241864205,0.6380051106127178,0.6393393038258665
SSP2,RUS,0.4657476175023148,0.48217533833186205,0.49596647723598564,0.5080502758582567,0.5193452310276871,0.5300130049260896,0.540388999436482,0.5507811852773302,0.5610259310301389,0.5713562415623207,0.5812399840501234,0.5951048465497945,0.6048425867367462,0.6144608234989898,0.6238654756284253,0.6368746484851101,0.6511847386274634,0.6641939114841482,0.6759021670551645,0.6863095053405123,0.6954159263401917,0.7032214300542026,0.709726016482545,0.7149296856252189,0.7188324374822243,0.7214342720535613,0.7227351893392298
SSP2,SAF,0.4305651,0.4436069,0.4527305,0.4620868,0.4754219,0.4832205,0.4943414,0.4998498,0.5089322,0.5178183,0.5218274,0.5301354,0.5383119,0.5463652,0.5543293,0.5624193,0.5713182999999998,0.5794082999999998,0.5866892999999997,0.5931612999999997,0.5988242999999996,0.6036782999999996,0.6077232999999995,0.6109592999999995,0.6133862999999995,0.6150042999999995,0.6158132999999995
SSP2,SEAS,0.43337819734467303,0.45235857371083177,0.47229305532226434,0.48975350870690454,0.5081136759297354,0.5250267250692567,0.5397092390425378,0.5573481899262505,0.5713140144295853,0.5866167440073173,0.6027238824652703,0.6169757846426485,0.6310494659441719,0.6443711619885953,0.6550495087735597,0.6673378982285042,0.6808551266289431,0.6931435160838876,0.7042030665933376,0.7140337781572932,0.7226356507757543,0.730008684448721,0.7361528791761933,0.7410682349581711,0.7447547517946544,0.7472124296856434,0.7484412686311378
SSP2,STAN,0.37024842408520603,0.40384786339977274,0.430381000111155,0.4516836067797364,0.4683180381358144,0.48283800911364017,0.4955078938092557,0.5087058858334134,0.5218004232145096,0.5376687632161355,0.5505795615985004,0.5640661395742141,0.5765748195591035,0.5911087142419211,0.6043643647286734,0.6182961378232866,0.6336210882273612,0.6475528613219744,0.6600914571071264,0.671236875582817,0.6809891167490463,0.6893481806058143,0.6963140671531209,0.7018867763909662,0.7060663083193501,0.7088526629382728,0.7102458402477341
SSP2,TUR,0.46289899999999995,0.47564599999999996,0.4877557,0.4993667,0.5148376,0.5256124,0.5402845,0.5504988,0.5653981,0.5805738,0.5911938,0.6057127,0.6195408,0.633386,0.646607,0.6594261,0.67352711,0.68634621,0.6978833999999999,0.7081386799999999,0.7171120499999999,0.7248035099999999,0.7312130599999999,0.7363406999999998,0.7401864299999998,0.7427502499999998,0.7440321599999998
SSP2,UKR,0.41238396874772654,0.4361280926667446,0.45752697787514846,0.4745052975882378,0.48879081301710037,0.5020984658623406,0.5136162575207125,0.5249035481248363,0.5367543001240851,0.5481098166933935,0.5635245348802278,0.5747631520031707,0.5863961861700506,0.6004821768309236,0.6113556614990332,0.6256101698515862,0.6412901290393946,0.6555446373919477,0.6683736949092454,0.6797773015912878,0.6897554574380749,0.6983081624496067,0.7054354166258832,0.7111372199669044,0.7154135724726702,0.7182644741431808,0.7196899249784362
SSP2,USA,0.7430847,0.7559309,0.7641409000000001,0.7719605,0.7835541,0.7906996,0.7972568,0.8080126,0.8141457,0.8247905,0.8311017,0.837197,0.8478149,0.8540791,0.8648478,0.8710496,0.8778715799999999,0.8840733799999998,0.8896549999999998,0.8946164399999997,0.8989576999999996,0.9026787799999996,0.9057796799999995,0.9082603999999995,0.9101209399999995,0.9113612999999995,0.9119814799999995
SSP2,WAF,0.27402037689536535,0.2959576134732164,0.317736244801949,0.3363562739438816,0.35657968953332614,0.37521007697484865,0.39364366936135103,0.4117525439344889,0.4282075334774594,0.44630766327798893,0.4619028372373691,0.47917500447085914,0.4959152069712504,0.5098359655739045,0.525903959892008,0.5396864893913675,0.5548472718406631,0.5686298013400226,0.5810340778894462,0.5920601014889338,0.6017078721384855,0.6099773898381012,0.6168686545877811,0.6223816663875249,0.6265164252373328,0.6292729311372046,0.6306511840871406
SSP2,WEU,0.6713094119566414,0.6864838410506486,0.7030420261758843,0.7179485897077038,0.7319295067669196,0.746023050234513,0.7582138337124532,0.7707934620202835,0.7818753292696082,0.7942052204405027,0.8058112849756479,0.8167060100838174,0.8274954240478232,0.8371342579276964,0.8464483253684802,0.8565345654121265,0.8676294294601373,0.8777156695037835,0.8867932855430651,0.8948622775779821,0.9019226456085344,0.9079743896347221,0.9130175096565452,0.9170520056740037,0.9200778776870976,0.9220951256958269,0.9231037497001915
SSP2,World,0.4309064309446284,0.44928366396585034,0.46543661514588014,0.4799592388226816,0.4934573704153482,0.5063197759061666,0.5195829673731507,0.5324155894176641,0.5445554930598131,0.5582369324838015,0.5709879289128272,0.5834975029748656,0.5961714653992938,0.6082293336522848,0.6201260878136529,0.6318568636174096,0.6447607170015419,0.6564914928052986,0.6670491910286797,0.676433811671685,0.6846453547343148,0.6916838202165688,0.6975492081184471,0.7022415184399498,0.7057607511810767,0.708106906341828,0.7092799839222037
SSP3,BRA,0.408426443465943,0.402809098922283,0.411350820050591,0.415434026177378,0.419923655599117,0.424396022376707,0.433231555749421,0.437961352626457,0.442281786473426,0.445962704982546,0.449249704528265,0.452393630954743,0.455208844498297,0.457894275642908,0.460472481667929,0.463017406051047,0.4658168228724769,0.46836174725559493,0.47065217920040114,0.4726881187068956,0.4744695657750782,0.47599652040494905,0.4772689825965081,0.47828695234975527,0.4790504296646907,0.4795594145413143,0.4798139069796261
SSP3,CAN,0.72403697264813,0.717208543639138,0.723712826210462,0.730259925912931,0.7372271334705061,0.7441135898108989,0.7508411526959209,0.753500824324554,0.755820937772542,0.76256288676567,0.7648301926588761,0.767090328289041,0.769313259676862,0.771490335073008,0.773646646814124,0.780124672104521,0.7872504999239577,0.7937285252143547,0.7995587479757119,0.8047411682080295,0.8092757859113074,0.8131626010855456,0.8164016137307442,0.818992823846903,0.8209362314340221,0.8222318364921014,0.8228796390211411
SSP3,CEU,0.5338110367076495,0.5387788134739551,0.5471835952128465,0.5540705624496706,0.5581535976457158,0.5627151931537151,0.5680037811362942,0.5704477724616651,0.5727954427113106,0.5755823695923604,0.578053043318676,0.580042635493351,0.5825870855094767,0.5850695658474199,0.5875301011824797,0.5902488570092145,0.5932394884186227,0.5959582442453575,0.5984051244894187,0.6005801291508065,0.6024832582295209,0.6041145117255617,0.6054738896389291,0.606561391969623,0.6073770187176434,0.6079207698829904,0.6081926454656639
SSP3,CHN,0.46404931715769565,0.4701590334510046,0.4837884661367848,0.49563881555924777,0.5016353779409933,0.5109977277903193,0.5150925582830942,0.5184570910286327,0.5254654562546914,0.527429041502554,0.5291999655860329,0.530506565178764,0.5315879842305412,0.5326407703552503,0.5336662562089587,0.5304017611668403,0.5268108166205102,0.5235463215783919,0.5206082760404853,0.5179966800067907,0.5157115334773078,0.5137528364520368,0.5121205889309777,0.5108147909141303,0.5098354424014948,0.5091825433930711,0.5088560938888593
SSP3,EAF,0.28897270462252544,0.27960836319170157,0.28465871549141386,0.28792391439879605,0.29132811085679106,0.2933227219298463,0.29460634230534816,0.2972246604296514,0.29858889444202336,0.300949388656029,0.3031297016646183,0.304664138517963,0.3068923856629591,0.3082230295223146,0.30965890465093393,0.31106676668035493,0.31261541491271805,0.31402327694213905,0.31529035276861794,0.3164166423921547,0.31740214581274945,0.31824686303040206,0.31895079404511256,0.31951393885688095,0.31993629746570723,0.32021786987159145,0.32035865607453357
SSP3,INDIA,0.368644527446069,0.36414619777557095,0.37459699547341896,0.385940620929331,0.39070370977313,0.394042452848803,0.39625049293268,0.397858611232529,0.39937414447498,0.40053514031644294,0.401773683598314,0.40284860532506,0.403927944433964,0.405004008507627,0.406090097249775,0.407190714455408,0.4084013933816043,0.4095020105872373,0.410492566072307,0.4113730598368134,0.4121434918807565,0.4128038622041363,0.4133541708069528,0.413794417689206,0.4141246028508959,0.4143447262920225,0.4144547880125858
SSP3,INDO,0.37635505946438286,0.3812089616814514,0.3968422609450745,0.4050420813938671,0.4116551853844336,0.4174624307246718,0.4270321858866597,0.4320198903885749,0.436536258679558,0.4404600914752753,0.4437318089112175,0.44670686007406774,0.44931684968515134,0.4516608689363078,0.4539987676275387,0.4563649857747751,0.45896782573673506,0.4613340438839714,0.4634636402164842,0.46535661473427326,0.4670129674373387,0.4684326983256805,0.4696158073992987,0.47056229465819327,0.47127216010236417,0.47174540373181145,0.47198202554653507
SSP3,JAP,0.713305704279604,0.722194539068661,0.738122793947731,0.750458763893914,0.76718271009708,0.7795320045161251,0.7875092705592212,0.799563222396528,0.8072702289814391,0.8148845059906101,0.8179745825266791,0.8253134463860079,0.82804829801846,0.8307711123397868,0.833578630774761,0.83647146102662,0.8396535743036648,0.8425464045555238,0.8451499517821968,0.8474642159836839,0.8494891971599852,0.8512248953111006,0.85267131043703,0.8538284425377736,0.8546962916133313,0.855274857663703,0.855564140688889
SSP3,KOR,0.744533175975615,0.763912395177912,0.7808783464401331,0.79799722602685,0.815035771656015,0.832037619757606,0.844861348562294,0.861950865217843,0.8743740552727048,0.882118122572948,0.8895274235961,0.892286604347933,0.899047292171567,0.901341678461453,0.903861063614974,0.905920386493315,0.90818564165949,0.910244964537831,0.9120983551283379,0.9137458134310107,0.9151873394458494,0.916422933172854,0.9174525946120244,0.9182763237633609,0.9188941206268632,0.9193059852025314,0.9195119174903654
SSP3,ME,0.3846328400426966,0.37100339484312406,0.3781899635310163,0.3867094257373297,0.3913022540166029,0.3976780800099021,0.40110036074954863,0.40418458227527393,0.4095966932746694,0.41233433928983076,0.41482809021208494,0.41838725341821914,0.42069077337117916,0.4229429307976601,0.42690411346038576,0.4303052401754566,0.43404647956203457,0.43744760627710544,0.44050862032066923,0.44322952169272595,0.44561031039327553,0.44765098642231804,0.4493515497798535,0.45071200046588183,0.4517323384804031,0.45241256382341727,0.45275267649492434
SSP3,MEX,0.403702031150452,0.405444844524518,0.41211264632251,0.422531021205571,0.427995126592081,0.433087378532007,0.44238454943952904,0.447344814994107,0.451766764897814,0.455340927142455,0.462874753110233,0.465704052534553,0.46846789559548707,0.47100970826627403,0.47355668082696706,0.476108423586082,0.47891534062110847,0.4814670833802234,0.4837636518634269,0.4858050460707189,0.48759126600209934,0.4891223116575683,0.4903981830371258,0.4914188801407718,0.4921844029685063,0.49269475152032927,0.49294992579624075
SSP3,NAF,0.3583261629789068,0.3461337832833803,0.35216529402795615,0.3601998133204523,0.3669147970632758,0.37474250405707304,0.3797563637558426,0.38513217337199607,0.38883294223900744,0.39213379804013415,0.39490911716454635,0.3996391125341604,0.40231359035279524,0.4043308953064706,0.40640446724957563,0.408476735730056,0.4107562310585844,0.41282849953906475,0.4146935411714971,0.4163513559558814,0.41780194389221764,0.41904530498050585,0.42008143922074603,0.4209103466129382,0.4215320271570823,0.4219464808531784,0.4221537077012264
SSP3,OCE,0.7287396029959353,0.7249954077167746,0.7317961987394527,0.7379673858176776,0.7450779541572413,0.7522600708822784,0.7552431159276745,0.7617063623145446,0.7646263612167593,0.7716461871661255,0.7742354325808165,0.7767928680190704,0.7791419588797736,0.7815074543047912,0.7837545449931067,0.7899072207940585,0.7966751641751055,0.8028278399760573,0.8083652481969139,0.8132873888376754,0.8175942618983416,0.8212858673789127,0.8243622052793886,0.8268232755997693,0.8286690783400549,0.8298996135002452,0.8305148810803404
SSP3,RCAM,0.34732166115535423,0.3359311635132922,0.33973424043657385,0.34472144398857124,0.34809594601805516,0.3510496252654875,0.3537931545092132,0.3560115647227707,0.35979110436245204,0.3618454709417927,0.3653808847097171,0.36725659461428817,0.369496546770835,0.371750973355949,0.37396250736233005,0.37673837276739225,0.3797918247129607,0.3825676901180229,0.38506596898257883,0.3872866613066286,0.3892297670901721,0.3908952863332094,0.3922832190357405,0.39339356519776536,0.394226324819284,0.39478149790029643,0.3950590844408026
SSP3,RSAF,0.3277853558943366,0.31961829257422036,0.3235904855294025,0.32708289961435816,0.3300262147398923,0.33261242571546584,0.335395101582728,0.3374973790172179,0.33953772092758167,0.34158597327353835,0.34334185880397555,0.3452278007113416,0.34670312024916844,0.348244608463084,0.3497468287420054,0.3512066871294904,0.3528125313557238,0.3542723897432088,0.3555862622919453,0.35675414900193325,0.35777604987317274,0.3586519649056637,0.3593818940994062,0.3599658374544002,0.3604037949706457,0.3606957666481427,0.36084175248689115
SSP3,RSAM,0.39486922225402865,0.3828255631151924,0.38883126355454734,0.39394633577800614,0.3986255569916396,0.4025590745804868,0.40707111148500935,0.41069436399068954,0.41289008330593757,0.41552044371412417,0.41747337634994436,0.4195903251775305,0.4223210265785463,0.4242323062857713,0.4261808391755208,0.4284679097421495,0.43098368736544107,0.43327075793206976,0.43532912144203556,0.4371587778953385,0.4387597272919786,0.44013196963195583,0.4412755049152702,0.44219033314192163,0.44287645431191025,0.443333868425236,0.44356257548189887
SSP3,RSAS,0.31956741122311194,0.3057127192983899,0.30827762702568073,0.31232752254282536,0.31490656400280004,0.31755105706695375,0.3199964245690404,0.32237085490781175,0.3248395886906195,0.32701735249298985,0.33139598403045034,0.33344526847181327,0.3355019749630874,0.33744820657203617,0.33949978095824007,0.34159103723424517,0.34389141913785076,0.34598267541385586,0.34786480606226045,0.34953781108306453,0.3510016904762681,0.3522564442418712,0.35330207237987377,0.3541385748902758,0.3547659517730773,0.3551842030282783,0.3553933286558788
SSP3,RUS,0.4657476175023148,0.46227780613960606,0.4661878901050801,0.47322105629705224,0.4762168389506515,0.4788441189325772,0.47744645301967914,0.4804736099923994,0.48318515916339266,0.4860125595137728,0.4891217721461615,0.4920630620507944,0.4910103752449059,0.49384371486209433,0.4967610564748118,0.49977500260333846,0.5030903433447178,0.5061042894732445,0.5088168409889184,0.5112279978917398,0.5133377601817084,0.5151461278588244,0.5166531009230877,0.5178586793744984,0.5187628632130564,0.5193656524387618,0.5196670470516145
SSP3,SAF,0.4305651,0.4348602,0.4402175,0.4457998,0.4514428,0.4568132,0.4618686,0.4660228,0.4694131,0.4721306,0.4745519,0.4768277,0.4790291,0.4811873,0.4833671,0.485556,0.48796379,0.49015269,0.4921227,0.49387382,0.49540605000000004,0.49671939000000004,0.49781384000000006,0.49868940000000006,0.4993460700000001,0.4997838500000001,0.5000027400000001
SSP3,SEAS,0.43337819734467303,0.4276948356649705,0.435823743749453,0.44147376854189657,0.4497620974318166,0.455692575593274,0.46042213564580936,0.462965367063327,0.46500036770161185,0.469197745613405,0.4710996487171467,0.4722097927131766,0.47378590582082075,0.477042345875115,0.4783725021889539,0.4798622115393653,0.48150089182481787,0.4829906011752293,0.4843313395905996,0.4855231070709287,0.4865659036162167,0.4874597292264636,0.4882045839016693,0.4888004676418339,0.4892473804469573,0.4895453223170396,0.48969429325208075
SSP3,STAN,0.37024842408520603,0.37999505432297975,0.39541035577579986,0.40741849417720966,0.4137346927928412,0.4184946326719612,0.4221807571710648,0.4262689269871981,0.4292944104003682,0.4336986218143291,0.43704408160771396,0.4403449858557816,0.4444636305038626,0.4477739553382086,0.45231672085966296,0.4555806042803894,0.45917087604318846,0.4624347594639149,0.46537225454256864,0.4679833612791498,0.4702680796736583,0.47222640972609414,0.4738583514364574,0.47516390480474796,0.4761430698309659,0.47679584651511114,0.4771222348571838
SSP3,TUR,0.46289899999999995,0.44975020000000004,0.4537344,0.4573859,0.46520200000000006,0.4681044,0.4707571,0.4731578,0.47556770000000004,0.47779000000000005,0.4799869,0.48205970000000004,0.4839528,0.4857196999999999,0.4874661,0.4892452,0.49120221,0.49298130999999995,0.4945824999999999,0.4960057799999999,0.49725114999999986,0.49831860999999983,0.4992081599999998,0.4999197999999998,0.5004535299999998,0.5008093499999998,0.5009872599999998
SSP3,UKR,0.41238396874772654,0.41596771478964717,0.426309678783119,0.4335295254115519,0.437777154210224,0.4409191536424292,0.4393773125399033,0.44180247864158356,0.4444896056611516,0.4473714373397683,0.4504147963898076,0.4535446962358716,0.45661356912627843,0.458953008845089,0.462011665305132,0.465184415320889,0.4686744403382217,0.4718471903539787,0.47470266536816,0.47724086538076566,0.47946179039179554,0.48136544040124973,0.48295181540912824,0.48422091541543105,0.4851727404201582,0.48580729042330956,0.48612456542488525
SSP3,USA,0.7430847,0.7460084999999999,0.753588,0.7608252,0.7637328,0.7709786000000001,0.7736576,0.7806583000000001,0.7831242999999999,0.7856067,0.7881220000000001,0.7949728,0.7974958,0.8000017,0.8025001,0.8049922,0.80773351,0.81022561,0.8124685,0.81446218,0.81620665,0.81770191,0.81894796,0.8199448,0.82069243,0.82119085,0.82144006
SSP3,WAF,0.27402037689536535,0.2622150354817451,0.2680039832715083,0.2729239209941479,0.2774250215807859,0.2810339304301583,0.28589230920073266,0.28929818566393023,0.29182748976408934,0.29405084968425355,0.29789759805380794,0.3001809835795055,0.301803129631994,0.3036403109685841,0.3074737799173187,0.30909444841744227,0.31087718376757817,0.3124978522677017,0.3139564539178129,0.31525298871791174,0.3163874566679982,0.31735985776807235,0.3181701920181341,0.31881845941818354,0.3193046599682206,0.3196287936682453,0.31979086051825767
SSP3,WEU,0.6713094119566414,0.6673835442663529,0.6784701916537823,0.686341418095425,0.6954017925486576,0.7031545812170639,0.7106158635671301,0.7165375598819134,0.722184126360519,0.7262130915247061,0.731250844680508,0.7348738681659636,0.738068149793637,0.7419133183771668,0.7457248188358195,0.7487529290498813,0.7520838502853493,0.7551119604994111,0.7578372596920667,0.7602597478633162,0.7623794250131595,0.7641962911415966,0.7657103462486274,0.7669215903342521,0.7678300233984706,0.768435645441283,0.7687384564626891
SSP3,World,0.4309064309446284,0.42483360994282166,0.43118900420984413,0.4366971320870247,0.43947944740492745,0.44233134485871234,0.44401856131283973,0.4453919782122368,0.4469115404736458,0.4477100755487757,0.44880641882236416,0.44969852589221593,0.4502504879825592,0.4509578297645185,0.4520799532951484,0.45261626839893226,0.45320621501309455,0.45374253011687843,0.4542252137102839,0.45465426579331103,0.45502968636595975,0.45535147542823007,0.455619632980122,0.45583415902163554,0.4559950535527707,0.45610231657352746,0.45615594808390586
SSP4,BRA,0.408426443465943,0.417303229476836,0.430309082804933,0.442699375602574,0.455019539711145,0.462802182781949,0.474845219535623,0.486700271118635,0.497921022189773,0.508441260222876,0.513973924305383,0.523257097761503,0.532305946007479,0.54113584191099,0.549731180940379,0.558156432085267,0.5674242083446438,0.5758494594895318,0.583432185519931,0.5901723864358415,0.5960700622372631,0.601125212924196,0.6053378384966399,0.6087079389545951,0.6112355142980614,0.612920564527039,0.6137630896415278
SSP4,CAN,0.72403697264813,0.714224947739351,0.719592498171253,0.723738579644284,0.7318647163055338,0.735155029156011,0.7380425269424099,0.736508940386722,0.739044299820606,0.7413943642467999,0.74373167600654,0.741486460098628,0.743535045776231,0.745541451795468,0.747505364243285,0.753790604140643,0.7607043680277369,0.766989607925095,0.7726463238327173,0.7776745157506038,0.7820741836787544,0.7858453276171692,0.7889879475658482,0.7915020435247915,0.7933876154939989,0.7946446634734705,0.7952731874632063
SSP4,CEU,0.5338110367076495,0.5415548393758473,0.5506289472658726,0.5586958530555449,0.565672631323814,0.5721390379150332,0.5767748552207782,0.5811549891890064,0.5856960590782367,0.5908155116498742,0.5956350647428889,0.6003334629822654,0.6036439483650885,0.6080197643609397,0.6125365511696895,0.6174005698559061,0.6227509904107443,0.6276150090969609,0.6319926259145557,0.635883840863529,0.6392886539438806,0.6422070651556105,0.6446390744987188,0.6465846819732054,0.6480438875790704,0.6490166913163137,0.6495030931849354
SSP4,CHN,0.46404931715769565,0.48220305950928305,0.4967770933072114,0.5134959586779271,0.5242570457522189,0.5337374177149258,0.546463477140793,0.5543084022072056,0.5656713020643923,0.576634529149303,0.5873167753768926,0.593476301352765,0.6037332829590372,0.613949096652184,0.6238977552790728,0.6339812590084695,0.6450731131108058,0.6551566168402025,0.6642317701966596,0.6722985731801769,0.6793570257907546,0.6854071280283927,0.690448879893091,0.6944822813848497,0.6975073325036687,0.699524033249548,0.7005323836224877
SSP4,EAF,0.28897270462252544,0.2883701785697854,0.2961590045645114,0.30367399341939616,0.31247194432801356,0.3193008621862636,0.3252536352695997,0.33236156404871264,0.33897087203922355,0.345124179705209,0.35164464873196866,0.35769799265697216,0.36287773873832213,0.370373110188385,0.37533723077763864,0.3817726781595529,0.3888516702796586,0.3952871176615729,0.4010790203052957,0.4062273782108271,0.4107321913781671,0.41459345980731566,0.4178111834982728,0.42038536245103847,0.42231599666561276,0.4236030861419956,0.42424663088018705
SSP4,INDIA,0.368644527446069,0.377417622552694,0.39505947516105294,0.40481042972634607,0.4163540698974161,0.4262687722243819,0.43073669306036,0.439189989446981,0.442645404019919,0.45011331608365,0.4529971718078539,0.459945459627198,0.4668741085667111,0.469244385812369,0.476133427880444,0.482807030442769,0.4901479932613265,0.49682159582365154,0.5028278381297441,0.5081667201796041,0.5128382419732316,0.5168424035106266,0.5201792047917891,0.5228486458167192,0.5248507265854166,0.5261854470978816,0.5268528073541141
SSP4,INDO,0.37635505946438286,0.3947078954170012,0.4136430296919647,0.4291574016421125,0.4427154706040471,0.45528890534545585,0.4672508769902164,0.4788650874889026,0.4939636662026339,0.5041070357981189,0.5135326368747689,0.522246098005626,0.5305037051926429,0.5427833650351667,0.5508883968919317,0.5587212253779359,0.5673373367125405,0.5751701651985447,0.5822197108359485,0.5884859736247519,0.5939689535649548,0.5986686506565574,0.6025850648995594,0.6057181962939611,0.6080680448397623,0.6096346105369631,0.6104178933855635
SSP4,JAP,0.713305704279604,0.714729471429029,0.732213654329895,0.741206726455783,0.754200794065531,0.762636991509397,0.7711350326967271,0.77911331876483,0.787191640649691,0.790633861488048,0.7938899446718292,0.7968464214857631,0.799515842988037,0.7975536611775921,0.800133056047024,0.802545558029885,0.8051993102110322,0.8076118121938932,0.8097830639784681,0.811713065564757,0.8134018169527597,0.8148493181424763,0.8160555691339069,0.8170205699270513,0.8177443205219096,0.8182268209184818,0.8184680711167679
SSP4,KOR,0.744533175975615,0.7503499683237111,0.7631065181584121,0.775805970701367,0.7886855505541409,0.801441082184318,0.814682632264093,0.823642498674667,0.8366208832847681,0.845100754965922,0.848628093152984,0.851542504076708,0.85408612978428,0.856658229921264,0.859059924107803,0.861410619521738,0.8639963844770666,0.8663470798910017,0.8684627057635432,0.8703432620946913,0.8719887488844458,0.8733991661328068,0.8745745138397742,0.8755147920053483,0.8762200006295289,0.8766901397123159,0.8769252092537094
SSP4,ME,0.3846328400426966,0.3884690528735524,0.40488229889628236,0.41883381607936965,0.4338823644752888,0.4459947747725869,0.45741752440761063,0.46961122331539124,0.4800166670710377,0.4909068329778737,0.5008353659705929,0.5100527373354968,0.5194066707836313,0.5274671690499195,0.5356634150208484,0.5427979458574099,0.5506459297776276,0.5577804606141892,0.5642015383670946,0.5699091630363439,0.574903334621937,0.5791840531238739,0.5827513185421547,0.5856051308767793,0.5877454901277478,0.5891723962950601,0.5898858493787162
SSP4,MEX,0.403702031150452,0.42139072339,0.436822957537889,0.455236215905976,0.468276287508704,0.48084541607664405,0.497809869561197,0.510045633479247,0.521573116523632,0.536498856733967,0.546738207909503,0.560462315402121,0.569541348556699,0.578155397991354,0.5909536532865,0.599389637560494,0.6086692202618875,0.6171052045358816,0.6246975903824762,0.6314463778016715,0.6373515667934673,0.6424131573578638,0.6466311494948608,0.6500055432044584,0.6525363384866566,0.6542235353414554,0.6550671337688548
SSP4,NAF,0.3583261629789068,0.36396448005097565,0.37795904724956864,0.39154613098929597,0.40676006344727716,0.4223845805967436,0.4359933580360858,0.4493540381204485,0.4614534819178714,0.47570836044556025,0.4867317255814498,0.49665743943099455,0.5101838114568206,0.5191169066851178,0.5316940353302215,0.5405675964981578,0.5503285137828876,0.5592020749508239,0.5671882800019665,0.5742871289363155,0.5804986217538709,0.5858227584546326,0.5902595390386007,0.5938089635057753,0.5964710318561561,0.5982457440897434,0.599133100206537
SSP4,OCE,0.7287396029959353,0.7280384061229594,0.7343942912239658,0.7427302375966537,0.7478861983978347,0.7518064268032904,0.7553724174182131,0.7621521194309431,0.7652350398784777,0.767744783845241,0.7706405394245612,0.7732047925177533,0.7757254853687835,0.7780511474564455,0.7804558761816935,0.7827040553567,0.785177052449207,0.7874252316242134,0.7894485928817192,0.7912471362217244,0.7928208616442288,0.7941697691492327,0.7952938587367359,0.7961931304067384,0.7968675841592404,0.7973172199942417,0.7975420379117423
SSP4,RCAM,0.34732166115535423,0.35358194137623433,0.3650746457192569,0.37624036833725955,0.38759504312981435,0.39737788810524566,0.40820349301075,0.41802411737879963,0.42723336807154433,0.4350232188827627,0.443159509741819,0.45284623181568534,0.4607613947424083,0.4687653477745512,0.4769506708706254,0.48427783598255697,0.4923377176056817,0.4996648827176132,0.5062593313183517,0.5121210634078969,0.517250078986249,0.5216463780534079,0.5253099606093736,0.5282408266541463,0.5304389761877257,0.5319044092101121,0.5326371257213052
SSP4,RSAF,0.3277853558943366,0.32300214085376544,0.3284475913496329,0.33413108689245363,0.33954272182656087,0.3449704435792299,0.35065957166434664,0.3564762505410451,0.361422765533026,0.3673159199903631,0.37192651382999214,0.3771121934274601,0.3815648657416735,0.3865292741289471,0.39115523557651183,0.39530272882262546,0.3998649713933505,0.4040124646394641,0.40774520856096635,0.41106320315785727,0.4139664484301368,0.416454944377805,0.4185286910008618,0.42018768829930725,0.42143193627314135,0.42226143492236407,0.42267618424697545
SSP4,RSAM,0.39486922225402865,0.4050637197991602,0.42021694426377865,0.4347260152094293,0.4486859373962803,0.4627380537354516,0.47575867234312447,0.48742854536186236,0.4984492653031394,0.5086993289170019,0.5189934947350731,0.5288894747714774,0.537542933475603,0.5472681172780873,0.5564380067570139,0.5647962103768109,0.5739902343585876,0.5823484379783846,0.5898708212362019,0.5965573841320395,0.6024081266658974,0.6074230488377755,0.6116021506476741,0.6149454320955929,0.6174528931815321,0.6191245339054915,0.6199603542674712
SSP4,RSAS,0.31956741122311194,0.3171412610219091,0.32536263106023283,0.3341640230535216,0.3430450654964571,0.3513579122289244,0.35953167290799143,0.3663642045152042,0.3761587153617343,0.3821774710478414,0.38939030382678574,0.3984446464677798,0.4037362890275221,0.4100250686971948,0.41756257300773797,0.42391757450836753,0.43090807615906007,0.43726307765968964,0.4429825790102562,0.4480665802107599,0.4525150812612006,0.45632808216157833,0.45950558291189314,0.462047583512145,0.46395408396233384,0.46522508426245973,0.4658605844125227
SSP4,RUS,0.4657476175023148,0.4819890542905624,0.49107781428627284,0.5019962913450228,0.5122310454615738,0.5216539020524726,0.5310127649077752,0.5397721586499432,0.5483297355108983,0.557060708205357,0.565373863398192,0.5742007954272742,0.5828234809135847,0.5911347670085902,0.6034902994215867,0.6121165138050855,0.6216053496269341,0.6302315640104329,0.6379951569555817,0.6448961284623808,0.6509344785308299,0.6561102071609292,0.6604233143526785,0.663873800106078,0.6664616644211276,0.6681869072978274,0.6690495287361773
SSP4,SAF,0.4305651,0.4381359,0.4491409,0.4563945,0.463262,0.4738959,0.4791299,0.4833688,0.4912837,0.494672,0.5022509,0.5095061,0.5125153,0.5195115,0.5268155,0.5338068,0.54149723,0.5484885300000001,0.5547807000000001,0.5603737400000002,0.5652676500000002,0.5694624300000003,0.5729580800000003,0.5757546000000002,0.5778519900000002,0.5792502500000002,0.5799493800000002
SSP4,SEAS,0.43337819734467303,0.4400614358642688,0.45136528694575023,0.464944976942622,0.47756000495732914,0.488811016077426,0.499666472258575,0.5100053215431783,0.5203107870994262,0.5300910961842238,0.5396106886201527,0.5481467132241167,0.5574132590588854,0.5669655941705463,0.572435313322754,0.5811504243630538,0.5907370465073835,0.5994521575476832,0.607295757483953,0.6142678463161928,0.6203684240444026,0.6255974906685825,0.6299550461887324,0.6334410906048523,0.6360556239169423,0.6377986461250023,0.6386701572290322
SSP4,STAN,0.37024842408520603,0.39910791956866903,0.42500041248562676,0.4415587884868046,0.4566137190979694,0.4683939447665451,0.4786055341231506,0.4907384332208585,0.5008304782624367,0.5110868075674345,0.5210934036543806,0.5328802140498423,0.5418262412785834,0.5533549776594203,0.5615670819824216,0.573380105255129,0.5863744308551071,0.5981874541278145,0.6088191750732511,0.618269593691417,0.6265387099823122,0.6336265239459367,0.6395330355822904,0.6442582448913733,0.6478021518731855,0.650164756527727,0.6513460588549977
SSP4,TUR,0.46289899999999995,0.45441990000000004,0.4619425,0.4650668,0.4721984,0.4745699,0.48117479999999996,0.48750610000000005,0.4892479,0.4952346000000001,0.5009516,0.502033,0.5075694,0.5089247,0.5146134,0.5201598,0.52626084,0.5318072399999999,0.5367989999999998,0.5412361199999998,0.5451185999999997,0.5484464399999996,0.5512196399999996,0.5534381999999995,0.5551021199999995,0.5562113999999995,0.5567660399999995
SSP4,UKR,0.41238396874772654,0.43587439598713995,0.4565702635995904,0.4733119596622354,0.48625186166634016,0.494439536386715,0.505159074140966,0.5149840168328447,0.5253142367134451,0.5351065963184558,0.5483604686460266,0.5588161937536976,0.5686466518988285,0.5790295883979963,0.5884879599931244,0.602066277351931,0.6170024264466182,0.6305807438054247,0.6428012294283506,0.6536638833153958,0.6631687054665604,0.6713156958818443,0.6781048545612476,0.6835361815047702,0.6876096767124122,0.6903253401841736,0.6916831719200542
SSP4,USA,0.7430847,0.7393578000000001,0.7476959,0.7511571999999999,0.7544535000000001,0.7574647,0.7603822,0.7630353,0.765637,0.7682164,0.7705791,0.7688043,0.7711368,0.7734477,0.7802783,0.7827508,0.78547055,0.78794305,0.7901682999999999,0.7921463,0.79387705,0.7953605499999999,0.7965967999999999,0.7975857999999999,0.7983275499999999,0.7988220499999998,0.7990692999999999
SSP4,WAF,0.27402037689536535,0.27347829786092925,0.28612137779419766,0.2964336217827813,0.3078586950081823,0.3167939416600513,0.32773176661996617,0.33791434694190803,0.34734588214110673,0.35578607298835324,0.3646712995100159,0.3726831226802641,0.38042297350499854,0.39099157949205837,0.3989544323752929,0.4076075244740452,0.4171259257826727,0.425779017881425,0.43356680077030213,0.44048927444930397,0.4465464389184306,0.45173829417768196,0.4560648402270581,0.45952607706655907,0.46212200469618475,0.4638526231159352,0.46471793232581043
SSP4,WEU,0.6713094119566414,0.6723692388905045,0.6834544330604693,0.6924021513582592,0.7002254158083319,0.7065446035650247,0.7133609789179781,0.7184533694566466,0.7231448022433868,0.7258212496205237,0.7300589856371633,0.7327457975633418,0.7354861671323353,0.7383623148315803,0.7412818132256103,0.7445442586264219,0.7481329485673147,0.7513953939681264,0.7543315948288569,0.7569415511495062,0.7592252629300744,0.7611827301705614,0.7628139528709672,0.7641189310312919,0.7650976646515354,0.7657501537316977,0.7660763982717789
SSP4,World,0.4309064309446284,0.4357421888788504,0.44649603038111113,0.4552604700439423,0.46344583727386873,0.470246130169943,0.47678730629818855,0.48322456050541795,0.4893303610719078,0.4956263763805826,0.5009203614055399,0.5062627806939877,0.5119578040435265,0.517421112289994,0.5235612197956383,0.5295538315591662,0.536145704499047,0.5421383162625749,0.5475316668497501,0.5523257562605725,0.556520584495042,0.5601161515531589,0.5631124574349229,0.565509502140334,0.5673072856693924,0.5685058080220979,0.5691050691984507
SSP5,BRA,0.408426443465943,0.441150068226024,0.46317049398100507,0.489603356202098,0.511486027017924,0.537176552946668,0.557334766429462,0.580901914198383,0.5991908820933,0.621522580651432,0.639201623502591,0.661059355032132,0.678024561773261,0.6946382642517032,0.715067005898148,0.730939282485991,0.7483987867326184,0.7642710633204615,0.7785561122495203,0.7912539335197947,0.8023645271312848,0.8118878930839907,0.8198240313779122,0.8261729420130494,0.8309346249894023,0.834109080306971,0.8356963079657552
SSP5,CAN,0.72403697264813,0.737421600162768,0.751881971099044,0.7617134656157131,0.775404127131144,0.784042517945819,0.796560803227918,0.8043576638054679,0.812143783058576,0.8202516453880189,0.828147137805102,0.836090361446083,0.843694893244751,0.847162610224529,0.854755004899561,0.8623208395155751,0.8706432575931907,0.8782090922092048,0.8850183433636175,0.8910710110564288,0.8963670952876387,0.9009065960572472,0.9046895133652543,0.9077158472116599,0.9099855975964641,0.9114987645196669,0.9122553479812684
SSP5,CEU,0.5338110367076495,0.5650772629097456,0.5838985996127375,0.6009016340574185,0.6177429432253774,0.6351612554341224,0.650414772771518,0.6672524388320795,0.6827611534687065,0.69711346010522,0.7135947627607877,0.7291736102507133,0.7433064798505931,0.7560392649621922,0.7693763931547569,0.7805786403694539,0.7929011123056205,0.8041033595203175,0.8141853820135448,0.8231471797853024,0.8309887528355903,0.8377101011644085,0.8433112247717569,0.8477921236576357,0.8511527978220448,0.8533932472649842,0.8545134719864539
SSP5,CHN,0.46404931715769565,0.5022267323388908,0.5294887154143721,0.5493489037682352,0.5719890575520286,0.5936216696361271,0.6101549245329443,0.6305300079064641,0.6504984355820266,0.6701022039126323,0.6894216071259314,0.70846943884813,0.7225917319640366,0.7405936227176168,0.7584765328736702,0.7717805601988224,0.7864149902564896,0.7997190175816418,0.8116926421742787,0.8223358640344004,0.8316486831620069,0.8396310995570981,0.8462831132196742,0.8516047241497351,0.8555959323472807,0.8582567378123112,0.8595871405448263
SSP5,EAF,0.28897270462252544,0.3264286107762308,0.35080089525327013,0.3762380509695929,0.40224258362209836,0.42755046005876624,0.45453398774412906,0.47926240663315706,0.5053787922086883,0.529434236909504,0.5506413900081824,0.5740374390764753,0.5939400829249039,0.6141202126902493,0.6335604504177315,0.6506760657989039,0.6695032427181936,0.6866188580993661,0.7020229119424213,0.7157154042473592,0.72769633501418,0.7379657042428834,0.7465235119334697,0.7533697580859386,0.7585044427002904,0.7619275657765249,0.7636391273146421
SSP5,INDIA,0.368644527446069,0.42702172924067006,0.461609630347448,0.491957755806396,0.51936086316331,0.540528302221148,0.56483735964119,0.588036903184075,0.610878978632112,0.629305102049872,0.652031695369027,0.670087080070551,0.691822913573429,0.708732708883762,0.7251088940803319,0.740918103403815,0.7583082336596465,0.7741174429831297,0.7883457313742646,0.8009930988330511,0.8120595453594893,0.8215450709535792,0.8294496756153208,0.8357733593447141,0.8405161221417591,0.8436779640064557,0.845258884938804
SSP5,INDO,0.37635505946438286,0.4180340330560453,0.44740205174466263,0.4730644738744837,0.5011377944827117,0.5277683820506632,0.5534016451340417,0.573606390952288,0.596804934983755,0.6196850598946665,0.641821757666743,0.6637856499022392,0.6849901740468874,0.7017083655784656,0.7220084913305316,0.7378475889582653,0.7552705963487724,0.7711096939765061,0.7853648818414665,0.7980361599436534,0.809123528283067,0.8186269868597073,0.8265465356735742,0.8328821747246676,0.8376339040129878,0.8408017235385346,0.8423856333013079
SSP5,JAP,0.713305704279604,0.734781819885676,0.752726054747351,0.771004370997491,0.789670827628503,0.8081487206124242,0.826394778782632,0.840101509690375,0.857937136390075,0.871111022149405,0.884318275527614,0.8931463293261109,0.906034522537316,0.9146713780108738,0.92328998553965,0.936242403904456,0.9504900641057425,0.9634424824705485,0.975099658998874,0.9854615936907187,0.9945282865460829,1.0,1.0,1.0,1.0,1.0,1.0
SSP5,KOR,0.744533175975615,0.765691130437564,0.783294401317024,0.802155207817509,0.8212482812720578,0.840555981164575,0.864138595014669,0.8832271537202449,0.898024953095628,0.917299321370497,0.927670520972615,0.942449530717013,0.956738496691122,0.9663130157432179,0.975811893521936,0.985019184397537,0.9951472043606981,1.0,1.0,1.0,1.0,1.0,1.0,1.0,1.0,1.0,1.0
SSP5,ME,0.3846328400426966,0.4354019169908161,0.46927212306573257,0.5019159588834915,0.5312755387806674,0.5588523101064508,0.5844525087249153,0.6091394519526041,0.6331784313128305,0.656441004914181,0.6786252659474707,0.7002016810045727,0.7190562130566154,0.7389372320588977,0.7569596370552247,0.7746970401869857,0.7942081836319228,0.8119455867636838,0.8279092495822686,0.8420991720876774,0.8545153542799101,0.8651577961589667,0.8740264977248472,0.8811214589775516,0.8864426799170798,0.889990160543432,0.8917639008566082
SSP5,MEX,0.403702031150452,0.443462403741396,0.472460272426176,0.500632899523722,0.528007285055809,0.549680312471825,0.574447780002712,0.598183217953329,0.62140950875071,0.644160790634906,0.666505464906089,0.684126722397171,0.70567564683435,0.722532931182768,0.743144841789065,0.759103791758609,0.7766586367251074,0.7926175866946513,0.8069806416672409,0.8197478016428761,0.8309190666215569,0.8404944366032833,0.8484739115880553,0.8548574915758729,0.8596451765667361,0.8628369665606449,0.8644328615575994
SSP5,NAF,0.3583261629789068,0.4008091888571094,0.43098426092509245,0.4638334422821138,0.4939633790323047,0.5224720280648062,0.5495027593672543,0.5760251771660022,0.6004983085372096,0.624549006481587,0.6474056095975834,0.6671917124177275,0.6884111688191505,0.7077937973628674,0.728170018585706,0.7458999128293755,0.765402796497412,0.7831326907410816,0.7990895955603842,0.8132735109553199,0.8256844369258886,0.8363223734720903,0.8451873205939251,0.8522792782913929,0.8575982465644938,0.8611442254132277,0.8629172148375946
SSP5,OCE,0.7287396029959353,0.7534899065980719,0.7691773433695961,0.7881130386957015,0.8022560191089257,0.8158003494189796,0.8322663992840938,0.8447607626626086,0.8536607054373841,0.8661201768322754,0.877798588607486,0.8863834759475877,0.8983825596627965,0.9062954472329475,0.917202055799321,0.9238061849116754,0.9310707269352653,0.9376748560476197,0.9436185722487387,0.9489018755386223,0.9535247659172703,0.9574872433846829,0.9607893079408601,0.9634309595858019,0.9654121983195083,0.9667330241419791,0.9673934370532146
SSP5,RCAM,0.34732166115535423,0.39329648938860046,0.4215288101362833,0.4497089960439758,0.477225091752712,0.5022422364437196,0.5270072414126364,0.5507592780375071,0.574158891755878,0.5962929228831537,0.6190757259511303,0.6396270566683802,0.6588928328286765,0.6771979605811055,0.6972497039686382,0.7154754823098145,0.7355238384851085,0.7537496168262848,0.7701528173333435,0.7847334400062845,0.797491484845108,0.8084269518498138,0.817539841020402,0.8248301523568725,0.8302978858592254,0.8339430415274607,0.8357656193615783
SSP5,RSAF,0.3277853558943366,0.358100067763527,0.3788716542603741,0.4013453811326368,0.42180967644247663,0.4446538779491269,0.46691652622125895,0.4890262509721938,0.5118896615315865,0.533724801359515,0.5533387578948763,0.5725695067337776,0.5931235543392746,0.6100175460580753,0.6269520111259365,0.6426119855940292,0.6598379575089313,0.675497931977024,0.6895919089983075,0.7021198885727816,0.7130818707004466,0.7224778553813023,0.7303078426153486,0.7365718324025857,0.7412698247430135,0.7444018196366321,0.7459678170834414
SSP5,RSAM,0.39486922225402865,0.4443851280530867,0.4760781425343347,0.5067355555724211,0.5346987428997585,0.5620509156383127,0.5880375174031425,0.6127356250107462,0.6356684402363063,0.6577509329569927,0.6798471223763177,0.6986669485074329,0.7198795602913429,0.737585938624077,0.7550933178178102,0.7718389046334151,0.7902590501305805,0.8070046369461854,0.8220756650802298,0.8354721345327137,0.8471940453036372,0.8572413973930001,0.8656141908008026,0.8723124255270446,0.877336101571726,0.880685218934847,0.8823597776164075
SSP5,RSAS,0.31956741122311194,0.35933130306712013,0.38662548257645607,0.412764431255037,0.44317554166130924,0.4723389655162138,0.49760772097601774,0.5249627328199277,0.5497022045098012,0.5751691750227738,0.5981851516237188,0.6184890199242788,0.6361789093487573,0.657430612771215,0.6741116845287889,0.692249995836201,0.7122021382743542,0.7303404495817662,0.7466649297584371,0.7611755788043668,0.7738723967195552,0.7847553835040024,0.7938245391577085,0.8010798636806733,0.806521357072897,0.8101490193343793,0.8119628504651205
SSP5,RUS,0.4657476175023148,0.5082437186910308,0.5336154926578468,0.5532364690045803,0.5754156820515375,0.5972648461272364,0.6146657043112161,0.6358360295850266,0.6536488192555561,0.6709870167497202,0.6921699129587782,0.7090854658123589,0.7255837656436717,0.7380376184012217,0.7538861597253051,0.7651380081613179,0.777515041440932,0.7887668898769448,0.7988935534693563,0.8078950322181665,0.8157713261233754,0.8225224351849831,0.8281483594029895,0.8326490987773946,0.8360246533081984,0.838275022995401,0.8394002078390023
SSP5,SAF,0.4305651,0.4596952,0.4812846,0.5023764,0.522474,0.5453108,0.5624582,0.578503,0.5982231,0.6134401,0.6327111,0.6477562,0.662443,0.6769477,0.6914829,0.7056395999999999,0.7212119699999998,0.7353686699999997,0.7481096999999997,0.7594350599999996,0.7693447499999996,0.7778387699999996,0.7849171199999996,0.7905797999999995,0.7948268099999994,0.7976581499999994,0.7990738199999994
SSP5,SEAS,0.43337819734467303,0.47500474949129157,0.5024724503016597,0.5298755081748057,0.5563356841080569,0.5802285996121248,0.6051630548865949,0.6271038057903765,0.648819249443075,0.6701851751751514,0.6891469502389189,0.7071148855630602,0.7238202984825648,0.7415427782570829,0.7577358219407846,0.7718047120816668,0.7872804912366372,0.8013493813775194,0.8140113825043134,0.8252664946170192,0.8351147177156367,0.843556051800166,0.8505904968706071,0.85621805292696,0.8604387199692246,0.863252497997401,0.8646593870114893
SSP5,STAN,0.37024842408520603,0.42964943945647727,0.46860274189246665,0.4989881767526623,0.5262552433884424,0.5486400480718349,0.5716620140165094,0.59286905682762,0.6132431307713352,0.6359219900564491,0.6558972585000237,0.6764407504007589,0.6942126031013608,0.7120530642125934,0.7309245853435624,0.7471078119876586,0.7649093612961645,0.7810925879402607,0.7956574919199473,0.8086040732352242,0.8199323318860916,0.8296422678725494,0.8377338811945975,0.8442071718522359,0.8490621398454647,0.852298785174284,0.8539171078386937
SSP5,TUR,0.46289899999999995,0.49842359999999997,0.5214759,0.5391708,0.5603959,0.5808852,0.6021236,0.6236928,0.6453467,0.6664661000000001,0.683005,0.7035799,0.7195573000000001,0.7391839,0.7542405,0.7688300000000001,0.7848784500000003,0.7994679500000005,0.8125985000000007,0.8242701000000008,0.8344827500000009,0.843236450000001,0.8505312000000012,0.8563670000000012,0.8607438500000013,0.8636617500000013,0.8651207000000013
SSP5,UKR,0.41238396874772654,0.4636490847997821,0.493237659895456,0.5219515188184954,0.5473081857462043,0.5709219136711138,0.5897506978845782,0.6124791852687083,0.631652090865122,0.6538354517351919,0.6728845728183823,0.6911868961107139,0.7089955152062467,0.7264195879809674,0.7434348705140723,0.7598127147726891,0.7778283434571676,0.7942061877157843,0.8089462475485394,0.8220485229554328,0.8335130139364646,0.8433397204916346,0.851528642620943,0.8580797803243897,0.8629931336019747,0.866268702453698,0.8679064868795597
SSP5,USA,0.7430847,0.7643672,0.7776564000000001,0.7908873,0.8040808,0.8124102,0.824835,0.8368878,0.8488397,0.8564794,0.8684366,0.8762357,0.8883576,0.8961273,0.9036636999999998,0.9113765,0.9198605800000003,0.9275733800000004,0.9345149000000006,0.9406851400000007,0.9460841000000009,0.950711780000001,0.9545681800000011,0.9576533000000012,0.9599671400000012,0.9615097000000012,0.9622809800000013
SSP5,WAF,0.27402037689536535,0.3181157899643378,0.35075265231866143,0.3812492800869574,0.4122985980572391,0.4445091909929337,0.47298915092677607,0.5010874869557752,0.5272392026224751,0.5535393637197068,0.5773414736247016,0.601376489125158,0.6218802891006884,0.6421105752175481,0.6609919519593687,0.6805438895804952,0.7020510209637343,0.7216029585848608,0.7391997024438747,0.7548412525407758,0.7685276088755644,0.7802587714482403,0.7900347402588035,0.7978555153072541,0.803721096593592,0.8076314841178174,0.80958667787993
SSP5,WEU,0.6713094119566414,0.6952516524174247,0.714261987127596,0.7318767887175478,0.748711682387962,0.7658172251672153,0.7813378796329831,0.7962261456309737,0.8107847847847218,0.8249739581304649,0.8378451970756006,0.8500637358485272,0.8624553691579228,0.8734264211458274,0.883285869233533,0.8932312660132694,0.9041712024709794,0.9141165992507158,0.9230674563524786,0.9310237737762677,0.9379855515220832,0.943952789589925,0.9489254879797933,0.9529036466916878,0.9558872657256087,0.957876345081556,0.9588708847595296
SSP5,World,0.4309064309446284,0.46975457310258917,0.49505438956515774,0.5180092561489429,0.5410614767573875,0.5624863256430042,0.5832958920617065,0.6042887643708643,0.6248772175790408,0.6443577638743321,0.6638740275421785,0.681965839408156,0.6995466414750727,0.7160647970670918,0.7321369122177291,0.7470785403902519,0.7635143313800269,0.7784559595525496,0.7919034249078202,0.8038567274458384,0.8143158671666043,0.8232808440701179,0.8307516581563793,0.8367283094253885,0.8412107978771453,0.8441991235116498,0.8456932863289021
