Model,Scenario,Region,Variable,Unit,2005,2010,2015,2020,2025,2030,2035,2040,2045,2050,2060,2070,2080,2090,2100
IMAGE 3.4,SSP1,BRA,Emissions|CO2,Mt CO2/yr,2199.86908,2039.122538,973.0750123,513.6670126,1356.377747,1022.31429,889.332779,711.2684327,595.8846945,644.7631582,1236.878855,890.8947602,622.3004609,332.2416764,294.2277883
IMAGE 3.4,SSP1,CAN,Emissions|CO2,Mt CO2/yr,694.2440797,658.2110342,673.4995728,640.1658936,672.9862417,627.4561514,535.8895773,424.9124019,334.5149918,279.0168228,245.6425807,236.6760712,245.9912822,248.9903666,241.176768
IMAGE 3.4,SSP1,CEU,Emissions|CO2,Mt CO2/yr,819.0035096,759.1902823,710.2428895,706.4951529,790.8402355,746.6609193,675.1979574,608.9046174,577.9469758,537.9667359,328.4712804,152.0165558,161.4152845,181.708046,104.8036347
IMAGE 3.4,SSP1,CHN,Emissions|CO2,Mt CO2/yr,6729.444255,9428.964926,10735.4423,11400.05518,12361.64925,11406.38053,9874.506104,7966.284506,6006.01119,4532.348226,3048.292196,2275.127503,1536.722402,1172.73054,942.5874533
IMAGE 3.4,SSP1,EAF,Emissions|CO2,Mt CO2/yr,346.9840699,671.7597301,129.9897563,214.2268016,347.8867213,348.3384807,400.5741578,473.1165975,509.4924978,469.3406627,368.198967,354.1738943,375.84581,409.0709203,478.9939169
IMAGE 3.4,SSP1,INDIA,Emissions|CO2,Mt CO2/yr,1271.544678,1766.739716,2304.684408,2226.421306,3138.992737,3595.550924,3697.939637,3527.29775,3347.851746,3113.798503,3013.383667,3205.542155,3378.424235,3318.785401,2889.490214
IMAGE 3.4,SSP1,INDO,Emissions|CO2,Mt CO2/yr,1191.713216,1394.196065,1369.534129,1519.767649,1658.511393,1561.98053,1459.858805,1452.265086,1431.945903,1337.316518,1194.012268,1077.017649,1018.736359,986.1789145,907.9220226
IMAGE 3.4,SSP1,JAP,Emissions|CO2,Mt CO2/yr,1231.902873,1135.648397,1146.418895,921.4795584,933.8805746,829.2771811,685.1225078,557.5940552,478.4585419,416.3683345,346.4326376,336.7947973,403.6406047,347.8499909,210.6685918
IMAGE 3.4,SSP1,KOR,Emissions|CO2,Mt CO2/yr,573.602712,669.8134919,714.4059907,680.4963176,673.4177755,630.5764771,561.6068217,469.185936,396.6805344,325.69767,234.2626737,180.7258632,162.1403682,147.4770724,136.0793457
IMAGE 3.4,SSP1,ME,Emissions|CO2,Mt CO2/yr,1357.809591,1775.274272,2115.855774,2231.242534,2433.35142,2381.079712,2381.777507,2276.042155,2152.720276,1931.72461,1574.091899,1277.432516,1043.48938,815.1949565,692.7139893
IMAGE 3.4,SSP1,MEX,Emissions|CO2,Mt CO2/yr,488.5429942,500.6569367,489.9352265,404.4586335,546.5082296,550.4645437,544.2411245,528.7069143,480.9819489,408.0420761,286.7897187,162.7539037,94.47727331,49.3929348,11.34253224
IMAGE 3.4,SSP1,NAF,Emissions|CO2,Mt CO2/yr,391.4511312,466.2130077,541.6938833,517.2192638,619.4910431,691.8204295,752.9566244,802.032364,844.1561178,858.5947368,778.5488231,624.7545472,559.9230958,514.8579407,440.1994578
IMAGE 3.4,SSP1,OCE,Emissions|CO2,Mt CO2/yr,310.9685084,307.599378,317.078715,266.3755341,362.7486496,325.5930456,265.35967,218.59655,168.2943128,98.39940263,29.76620293,23.68786272,49.78215027,85.7653103,126.1564318
IMAGE 3.4,SSP1,RCAM,Emissions|CO2,Mt CO2/yr,265.3448715,276.2593537,256.1120173,192.3657227,230.4354058,234.818456,232.0946821,233.5009995,208.0657654,157.4546623,121.1813164,117.7119115,108.9024925,95.55685616,100.5029272
IMAGE 3.4,SSP1,RSAF,Emissions|CO2,Mt CO2/yr,207.9434471,221.2926852,320.3408153,274.6876374,363.6531194,325.3794887,303.5840378,588.0039012,879.1577454,766.342509,360.5561804,402.9860866,688.2982229,596.1380311,538.1970215
IMAGE 3.4,SSP1,RSAM,Emissions|CO2,Mt CO2/yr,738.5601909,1151.213827,1194.156728,933.195984,841.4273784,788.9115652,742.0431214,706.5736492,662.9758657,619.9233602,577.9873149,509.0059103,429.6332296,338.0463461,232.0350266
IMAGE 3.4,SSP1,RSAS,Emissions|CO2,Mt CO2/yr,231.5713361,240.8337174,289.2458751,343.4198176,455.3732453,571.5831248,681.7990876,824.1863913,848.7453258,808.4028168,731.3067526,710.0320181,778.4399466,984.5685934,1188.192464
IMAGE 3.4,SSP1,RUS,Emissions|CO2,Mt CO2/yr,1861.822622,1979.169047,1988.971293,2059.584615,2014.134196,1735.432282,1527.463644,1323.363088,1180.382111,987.8059083,728.0610454,533.8578492,473.7490998,386.0570984,344.483546
IMAGE 3.4,SSP1,SAF,Emissions|CO2,Mt CO2/yr,445.2763443,459.7244746,468.0225068,415.4861323,420.0507787,394.5439581,380.9523774,368.7782898,349.0927836,296.3985494,209.1440964,169.90006,154.2052206,134.7251028,112.1548996
IMAGE 3.4,SSP1,SEAS,Emissions|CO2,Mt CO2/yr,1122.907827,1353.642741,1459.690511,1713.746826,1659.794749,1811.23173,1845.058655,1770.163229,1601.117788,1328.905609,979.1840719,796.9562328,678.0528056,600.0444947,433.3387528
IMAGE 3.4,SSP1,STAN,Emissions|CO2,Mt CO2/yr,351.3413697,394.6814804,382.0937907,387.9633891,450.624527,526.6352946,449.0474956,370.1129787,329.3376491,327.9609426,318.5824534,235.7334722,210.7310728,186.5536957,191.2194837
IMAGE 3.4,SSP1,TUR,Emissions|CO2,Mt CO2/yr,226.9988569,290.4979274,355.0021617,372.2157898,465.2064871,501.0631816,490.4650625,430.3977433,396.0494868,349.0056992,258.3392029,211.4857114,186.6958199,157.3617452,135.9445229
IMAGE 3.4,SSP1,UKR,Emissions|CO2,Mt CO2/yr,461.474556,401.4853414,345.1720531,315.4997254,242.7900264,266.870402,319.2764715,315.1706899,295.4895478,267.7410507,184.1419068,152.8593699,129.061718,126.1460254,120.4791158
IMAGE 3.4,SSP1,USA,Emissions|CO2,Mt CO2/yr,5882.587484,5563.928549,5221.271119,4626.112305,4817.105266,4519.305868,4001.121542,3528.853801,2717.989177,1950.062419,1128.568848,839.9508312,777.0231527,667.1653748,783.844218
IMAGE 3.4,SSP1,WAF,Emissions|CO2,Mt CO2/yr,691.4695181,644.7298127,744.734487,947.465973,744.4275513,681.4914246,561.3758088,879.4621074,1349.959178,1245.102783,814.4498851,739.9971263,725.5629273,789.5323182,870.0809327
IMAGE 3.4,SSP1,WEU,Emissions|CO2,Mt CO2/yr,3797.720459,3442.060506,3037.791484,2430.643494,2632.235413,2463.192546,2044.952413,2015.701213,1975.67336,2041.41331,1645.969554,1218.209717,1350.167531,1277.499319,1104.873372
IMAGE 3.4,SSP1,World,Emissions|CO2,Mt CO2/yr,33892.09929,37992.90072,38284.47233,37254.46843,41233.90463,39537.96029,36303.59864,33370.47657,30118.97754,26099.8973,20742.24561,17436.28727,16343.41113,14949.64185,13631.70972
IMAGE 3.4,SSP2,BRA,Emissions|CO2,Mt CO2/yr,2199.820069,2039.177145,973.0981751,513.7751618,1536.713898,1377.860331,1288.750865,1333.016622,1471.646678,1621.670949,1927.54657,2035.796489,1787.579559,1478.234212,1008.215281
IMAGE 3.4,SSP2,CAN,Emissions|CO2,Mt CO2/yr,694.2440797,658.2106426,673.5076295,639.9569245,662.5102031,623.8749187,533.6276195,432.8921687,383.337171,372.2007676,395.9768931,409.1886368,423.1058401,430.680425,431.7749253
IMAGE 3.4,SSP2,CEU,Emissions|CO2,Mt CO2/yr,819.0097759,759.2115428,710.2479808,706.5637462,782.4109193,651.5446676,530.8482463,318.8966344,260.8100459,227.4724083,208.6691183,194.9611079,174.2112859,165.5046031,147.6248055
IMAGE 3.4,SSP2,CHN,Emissions|CO2,Mt CO2/yr,6729.455445,9428.964926,10735.44678,11400.01131,12362.33496,11852.86703,11348.20174,10608.89486,9258.205323,7967.252198,5607.081259,4331.704753,3702.376384,3496.594564,3114.982829
IMAGE 3.4,SSP2,EAF,Emissions|CO2,Mt CO2/yr,346.9840139,671.7582754,129.9893087,214.2267596,325.780922,386.1663666,523.5222423,696.3032787,814.786138,850.0543061,926.7969412,1157.182455,1318.292776,1485.321147,1721.920176
IMAGE 3.4,SSP2,INDIA,Emissions|CO2,Mt CO2/yr,1271.543895,1770.555206,2304.101868,2231.645813,3164.076193,3705.236267,4008.367147,4486.643352,4775.858846,5061.041545,5769.235922,6595.05009,7217.932252,7306.199911,7214.104452
IMAGE 3.4,SSP2,INDO,Emissions|CO2,Mt CO2/yr,1191.687592,1394.141124,1368.788666,1519.781972,1729.152354,1555.68751,1341.095754,1176.048869,1077.251628,1046.032145,1115.005829,1181.917348,1175.190165,1138.156474,1023.010295
IMAGE 3.4,SSP2,JAP,Emissions|CO2,Mt CO2/yr,1231.744426,1135.651418,1146.483795,921.5022736,934.5581717,776.5974376,653.7149811,556.0602723,509.6556448,471.1296285,358.6080679,276.8165767,293.8141861,317.338206,272.522611
IMAGE 3.4,SSP2,KOR,Emissions|CO2,Mt CO2/yr,573.602712,669.8134919,714.4210409,680.489324,674.2006124,588.3999075,451.6288376,354.2854284,288.9386597,237.2153066,168.0603485,136.5391897,133.6182798,134.0157827,131.2477811
IMAGE 3.4,SSP2,ME,Emissions|CO2,Mt CO2/yr,1357.807017,1775.255137,2115.85376,2231.538168,2433.904643,2416.707967,2564.195292,2691.881409,2805.550314,2891.572856,3074.460836,3128.290833,3011.048808,2775.689046,2534.467855
IMAGE 3.4,SSP2,MEX,Emissions|CO2,Mt CO2/yr,488.5429942,500.6466421,489.959788,404.482104,473.7941946,521.0194245,548.941447,561.6845907,574.6535442,564.8162741,542.1705679,494.8690796,467.4086914,450.5772222,434.3742269
IMAGE 3.4,SSP2,NAF,Emissions|CO2,Mt CO2/yr,391.4507676,466.207133,541.6920929,517.227712,619.995926,729.978358,844.039912,975.9298605,1113.364288,1265.101156,1521.944285,1715.309255,1704.54715,1588.344991,1472.127838
IMAGE 3.4,SSP2,OCE,Emissions|CO2,Mt CO2/yr,310.9685084,307.599378,317.078715,266.3755341,396.1019389,383.0606995,337.1001664,316.4833069,297.4271419,273.1450424,240.8489355,207.0243607,192.8012149,196.2673887,209.698466
IMAGE 3.4,SSP2,RCAM,Emissions|CO2,Mt CO2/yr,265.3448715,276.3007838,256.1714071,192.4083697,248.8267721,263.2998835,282.7579575,321.7827022,357.0715994,367.2525915,389.1528626,417.4026897,466.8821564,509.8665162,535.3498383
IMAGE 3.4,SSP2,RSAF,Emissions|CO2,Mt CO2/yr,207.9432653,221.2881673,320.3265763,274.6850078,327.7200547,352.1622238,410.1863455,470.1187439,530.2135621,606.3299052,792.3750815,1013.483877,1230.792959,1457.118317,1746.339854
IMAGE 3.4,SSP2,RSAM,Emissions|CO2,Mt CO2/yr,738.5597993,1151.211924,1194.1574,933.1164246,928.1594646,1049.063792,1142.216126,1260.133565,1358.062256,1317.492706,1156.828522,1306.210724,1433.674052,1288.103648,1213.911947
IMAGE 3.4,SSP2,RSAS,Emissions|CO2,Mt CO2/yr,231.5713361,240.8337174,289.2445882,343.4200135,455.6566544,601.4019267,775.7739259,991.0390829,1148.967926,1358.450877,1810.443746,2198.472819,2646.719239,2976.569296,3469.354167
IMAGE 3.4,SSP2,RUS,Emissions|CO2,Mt CO2/yr,1861.822286,1979.167704,1988.971965,2059.600505,2004.340902,1893.193054,1834.032583,1758.400645,1769.750773,1706.623973,1621.358531,1500.156891,1431.315582,1346.295868,1171.720327
IMAGE 3.4,SSP2,SAF,Emissions|CO2,Mt CO2/yr,445.2763443,459.7244746,468.0126038,415.4769567,419.599411,381.6362127,374.7857743,401.4281337,436.5881806,476.4246877,469.2207642,404.5612997,383.5087662,328.2212728,268.3912049
IMAGE 3.4,SSP2,SEAS,Emissions|CO2,Mt CO2/yr,1122.909282,1353.637594,1459.689728,1714.467672,1669.58077,1971.391703,2166.8514,2302.25354,2397.90802,2460.551758,2432.176941,2425.307088,2608.656311,2687.225118,2536.548706
IMAGE 3.4,SSP2,STAN,Emissions|CO2,Mt CO2/yr,351.3412578,394.6796341,382.0897624,387.9685364,451.0421575,602.1282553,607.2982687,567.274053,578.4680278,575.3858033,555.9792583,537.1622468,540.2019501,551.847992,559.9003805
IMAGE 3.4,SSP2,TUR,Emissions|CO2,Mt CO2/yr,226.9990107,290.5842845,354.9165039,372.1831716,479.1002198,552.4309795,584.9942984,565.9621074,556.8438365,524.3520203,465.895106,419.2749075,403.6890005,397.3650971,371.0054194
IMAGE 3.4,SSP2,UKR,Emissions|CO2,Mt CO2/yr,461.474556,401.4853414,345.1703466,315.4993897,245.3804042,295.423556,359.0855637,380.1816254,391.2571564,381.5914536,315.8594768,275.5699234,250.2464752,229.2288539,202.8617071
IMAGE 3.4,SSP2,USA,Emissions|CO2,Mt CO2/yr,5882.616578,5563.92452,5221.942058,4626.291789,4815.015463,4152.540284,3446.290019,3017.834514,2711.279338,2576.663839,2429.401652,2335.191549,2140.212342,2009.539673,2041.805624
IMAGE 3.4,SSP2,WAF,Emissions|CO2,Mt CO2/yr,691.4680634,644.7151541,744.7476909,947.4223328,692.5405478,1016.924286,1271.834717,1459.84258,1589.00351,1673.089773,2036.46049,2453.567546,2885.573792,3388.286682,3893.43514
IMAGE 3.4,SSP2,WEU,Emissions|CO2,Mt CO2/yr,3797.434449,3442.173971,3037.982829,2430.169942,2645.845093,2208.723775,1617.016897,1166.3461,1045.528381,1013.4098,1166.621816,1168.674133,1085.559255,1112.908081,1160.563782
IMAGE 3.4,SSP2,World,Emissions|CO2,Mt CO2/yr,33891.62305,37996.93262,38284.1071,37260.30144,41478.36101,40909.32943,39847.17058,39171.62305,38502.42058,37886.30957,37498.19434,38319.67448,39108.96029,39245.50782,38887.27377
IMAGE 3.4,SSP3,BRA,Emissions|CO2,Mt CO2/yr,2199.86908,2039.122538,973.0750123,513.6670126,1526.585134,1746.298788,2266.769633,2530.863404,2920.474264,3558.23816,2870.270427,2634.758037,2529.136821,2089.730103,1975.967875
IMAGE 3.4,SSP3,CAN,Emissions|CO2,Mt CO2/yr,694.2440797,658.2110342,673.4995728,640.1658936,675.1484426,685.1243541,676.7574209,672.4974722,667.9174398,668.7365876,713.8574677,757.3247224,837.7233379,887.9830679,861.6593374
IMAGE 3.4,SSP3,CEU,Emissions|CO2,Mt CO2/yr,819.0035096,759.1902823,710.2428895,706.4951529,804.0912273,843.9889425,848.1608837,847.4715373,853.7367504,827.6784974,765.7125804,698.8179017,674.8657888,647.488261,577.3027243
IMAGE 3.4,SSP3,CHN,Emissions|CO2,Mt CO2/yr,6729.444255,9428.964926,10735.4423,11400.05518,12380.59937,12348.3728,12480.60734,11619.93791,10492.94369,9360.226563,6940.648194,5671.471721,4776.079061,4412.976115,4089.51766
IMAGE 3.4,SSP3,EAF,Emissions|CO2,Mt CO2/yr,346.9840699,671.7597301,129.9897563,214.2268016,320.8586223,463.7031683,608.0136312,761.4361268,880.9650625,941.4632162,1003.238851,1072.700969,1133.039276,1290.282074,1525.91565
IMAGE 3.4,SSP3,INDIA,Emissions|CO2,Mt CO2/yr,1271.544678,1766.739716,2304.684408,2226.421306,3183.490235,3910.804362,4453.940552,4793.484538,4896.045126,5046.231649,5521.846029,6051.954183,6556.986491,6528.500001,5949.947714
IMAGE 3.4,SSP3,INDO,Emissions|CO2,Mt CO2/yr,1191.713216,1394.196065,1369.534129,1519.767649,1705.205668,1748.744426,1891.22343,2014.38149,2094.08315,2145.654826,2313.080099,2373.042542,2393.14386,2322.230876,2280.147909
IMAGE 3.4,SSP3,JAP,Emissions|CO2,Mt CO2/yr,1231.902873,1135.648397,1146.418895,921.4795584,931.9416098,884.4392091,819.2260743,742.6364035,681.5515697,644.1336213,574.0705567,519.4757386,519.0965729,503.3416443,434.5623271
IMAGE 3.4,SSP3,KOR,Emissions|CO2,Mt CO2/yr,573.602712,669.8134919,714.4059907,680.4963176,677.2692414,702.5194245,733.1426596,682.8305054,611.9259695,559.9678549,459.1179886,393.4846777,338.7950262,296.1858877,268.974528
IMAGE 3.4,SSP3,ME,Emissions|CO2,Mt CO2/yr,1357.809591,1775.274272,2115.855774,2231.242534,2434.762675,2577.729106,2726.921306,2869.572856,3017.849732,3091.493246,3249.084717,3439.181824,3558.132976,3624.912903,3702.046285
IMAGE 3.4,SSP3,MEX,Emissions|CO2,Mt CO2/yr,488.5429942,500.6569367,489.9352265,404.4586335,504.176178,586.9464112,681.4481761,733.506775,761.6935476,768.1919556,766.6691946,727.8428447,695.2993877,679.5319825,684.0588074
IMAGE 3.4,SSP3,NAF,Emissions|CO2,Mt CO2/yr,391.4511312,466.2130077,541.6938833,517.2192638,618.6466065,736.399053,848.0387472,967.0521139,1083.255839,1178.673432,1301.48405,1445.975311,1531.280253,1586.521169,1623.931061
IMAGE 3.4,SSP3,OCE,Emissions|CO2,Mt CO2/yr,310.9685084,307.599378,317.078715,266.3755341,318.9049149,400.7167995,439.5449677,489.5403392,527.8606873,529.8234304,454.7304764,334.1968384,309.7164002,322.407959,293.4762828
IMAGE 3.4,SSP3,RCAM,Emissions|CO2,Mt CO2/yr,265.3448715,276.2593537,256.1120173,192.3657227,263.4604569,312.6185812,364.0125631,426.3093898,450.7774353,448.7596665,452.6551361,443.3744456,451.5148138,435.0268987,436.034874
IMAGE 3.4,SSP3,RSAF,Emissions|CO2,Mt CO2/yr,207.9434471,221.2926852,320.3408153,274.6876374,311.9619929,375.3299052,451.2042415,526.7713064,604.6480256,685.8573406,861.9786937,1021.890086,1125.98054,1203.233877,1306.762268
IMAGE 3.4,SSP3,RSAM,Emissions|CO2,Mt CO2/yr,738.5601909,1151.213827,1194.156728,933.195984,899.7387696,1329.962372,1992.255046,2367.924561,2650.705933,3142.05538,2146.199321,1891.587097,1790.927653,1769.909221,1611.139242
IMAGE 3.4,SSP3,RSAS,Emissions|CO2,Mt CO2/yr,231.5713361,240.8337174,289.2458751,343.4198176,447.4920884,613.2173819,789.493098,1014.576559,1178.945119,1345.222321,1679.890249,1933.526164,2013.346436,2077.769572,2222.771424
IMAGE 3.4,SSP3,RUS,Emissions|CO2,Mt CO2/yr,1861.822622,1979.169047,1988.971293,2059.584615,2005.761332,1958.958517,2045.515259,2074.572876,2130.980103,2168.12972,2135.001262,2108.162578,2157.857951,2175.651489,2167.436625
IMAGE 3.4,SSP3,SAF,Emissions|CO2,Mt CO2/yr,445.2763443,459.7244746,468.0225068,415.4861323,428.701177,416.481631,424.1548539,434.1831894,452.3852667,474.8014425,479.5483145,470.1084493,437.5748673,381.3237941,342.001709
IMAGE 3.4,SSP3,SEAS,Emissions|CO2,Mt CO2/yr,1122.907827,1353.642741,1459.690511,1713.746826,1682.573558,2129.475749,2430.813802,2577.621236,2600.406983,2631.949402,2486.471537,2387.886678,2313.428996,2227.972209,2113.501445
IMAGE 3.4,SSP3,STAN,Emissions|CO2,Mt CO2/yr,351.3413697,394.6814804,382.0937907,387.9633891,447.7894567,649.5133312,678.6670126,666.1768698,718.0591177,762.1324108,820.9344178,782.7827556,797.5509695,767.2356772,771.5697022
IMAGE 3.4,SSP3,TUR,Emissions|CO2,Mt CO2/yr,226.9988569,290.4979274,355.0021617,372.2157898,466.1407776,551.5971731,624.8414358,636.1571554,634.3868765,629.5992737,660.8576406,655.43278,641.5698751,659.713262,701.2859193
IMAGE 3.4,SSP3,UKR,Emissions|CO2,Mt CO2/yr,461.474556,401.4853414,345.1720531,315.4997254,248.2881241,302.1635793,353.4979477,346.2409846,358.6095225,381.792394,353.3003362,291.6229477,264.3715566,262.7612076,244.0326513
IMAGE 3.4,SSP3,USA,Emissions|CO2,Mt CO2/yr,5882.587484,5563.928549,5221.271119,4626.112305,4850.237305,5078.362875,5229.282553,5148.707642,4961.264079,4744.347535,4324.93986,3893.068563,3798.516276,3656.01176,3594.414938
IMAGE 3.4,SSP3,WAF,Emissions|CO2,Mt CO2/yr,691.4695181,644.7298127,744.734487,947.465973,687.7577566,1007.11085,1343.484212,1682.674378,1988.689535,2159.251302,2364.744873,2547.482239,2849.264079,3135.990072,3473.449178
IMAGE 3.4,SSP3,WEU,Emissions|CO2,Mt CO2/yr,3797.720459,3442.060506,3037.791484,2430.643494,2657.601746,2708.64034,2754.788778,2765.956177,3007.335144,2993.93628,2885.307251,2750.109212,3016.534485,3334.871826,3117.978557
IMAGE 3.4,SSP3,World,Emissions|CO2,Mt CO2/yr,33892.09929,37992.90072,38284.47233,37254.46843,41479.16667,45069.23796,48955.79362,50393.09115,51227.47624,51888.3571,48585.64291,47297.25,47511.75,47279.57553,46369.87696
IMAGE 3.4,SSP5,BRA,Emissions|CO2,Mt CO2/yr,1964.752584,1607.649262,700.4286703,492.268687,1424.351512,1277.208944,1465.126618,1705.539683,2048.018189,2447.660909,2314.504558,1594.233612,1400.929179,1173.940491,945.1687114
IMAGE 3.4,SSP5,CAN,Emissions|CO2,Mt CO2/yr,695.7547557,657.9066722,673.7793173,637.1918742,675.9683177,690.1649577,676.1509349,640.3331249,599.2162273,575.613851,627.9027354,740.1001842,839.4492493,911.9638266,846.1196442
IMAGE 3.4,SSP5,CEU,Emissions|CO2,Mt CO2/yr,819.0962729,758.8999075,710.0829875,706.3107453,793.5191244,844.1634471,902.1070863,936.5553793,1000.213918,1076.706014,1053.847646,996.5648194,860.4830679,649.1283468,492.1872813
IMAGE 3.4,SSP5,CHN,Emissions|CO2,Mt CO2/yr,6765.025513,9464.293295,10752.12223,11449.03508,12416.36011,12056.83968,11864.70223,11313.4821,10187.21745,8788.666098,6006.652588,4900.771241,4195.084717,4046.492961,3864.696208
IMAGE 3.4,SSP5,EAF,Emissions|CO2,Mt CO2/yr,348.3505656,672.3819937,141.5058708,221.9721146,318.2751821,364.1206843,490.7957764,680.8662517,849.4651083,955.0680848,1087.483449,1298.288585,1513.975484,1647.121653,1868.059916
IMAGE 3.4,SSP5,INDIA,Emissions|CO2,Mt CO2/yr,1259.40388,1760.204214,2314.698364,2233.865641,3154.527507,3814.649699,4487.14913,5336.584026,6124.117961,6733.264893,7407.499187,7920.355388,8305.839682,8410.002198,8139.963298
IMAGE 3.4,SSP5,INDO,Emissions|CO2,Mt CO2/yr,1147.985687,1363.794668,1353.519542,1497.322968,1673.527853,1728.944112,1808.769196,1994.251302,2224.996399,2414.742371,2643.446004,2699.30717,2638.746745,2505.784648,2310.364787
IMAGE 3.4,SSP5,JAP,Emissions|CO2,Mt CO2/yr,1231.902873,1135.648397,1146.418895,921.4795584,932.6881918,874.201177,800.4234416,772.1860912,755.4378459,779.7397513,826.4505311,853.5644278,815.163793,712.9499767,601.9573873
IMAGE 3.4,SSP5,KOR,Emissions|CO2,Mt CO2/yr,574.0555064,670.258957,713.3401083,680.0449219,676.3221945,670.2310944,687.4266511,652.8885041,622.0331371,594.4311982,512.2930756,430.8674342,384.3352433,384.6351573,347.0016098
IMAGE 3.4,SSP5,ME,Emissions|CO2,Mt CO2/yr,1358.017497,1775.492025,2116.536336,2230.006958,2434.974386,2530.419169,2714.980469,2903.745545,3096.966838,3225.359477,3451.670512,3415.299032,3186.467163,2881.231486,2594.091024
IMAGE 3.4,SSP5,MEX,Emissions|CO2,Mt CO2/yr,487.0107219,502.0682475,490.7015585,403.4942983,557.1657664,573.7918753,622.2993419,675.4780935,710.0030925,722.3641612,713.1373495,657.1227723,605.481776,522.4556326,452.7460531
IMAGE 3.4,SSP5,NAF,Emissions|CO2,Mt CO2/yr,394.0709661,466.2500458,543.3886312,518.0809327,619.3869223,737.6024577,896.1487529,1125.862152,1396.704478,1610.726003,1805.168884,1862.733022,1799.837626,1625.851339,1372.86969
IMAGE 3.4,SSP5,OCE,Emissions|CO2,Mt CO2/yr,317.258255,314.3504232,324.1918056,272.5689926,313.9833145,375.6221263,404.4465205,469.5247345,513.4231873,502.8525391,449.6679128,384.4151663,362.8279852,386.8560766,405.5545884
IMAGE 3.4,SSP5,RCAM,Emissions|CO2,Mt CO2/yr,268.385554,288.9318339,286.7807668,228.0910492,248.611145,266.1850001,293.101677,348.4975713,404.3324967,428.8907319,455.2295126,461.6579005,439.773407,414.576795,393.7791087
IMAGE 3.4,SSP5,RSAF,Emissions|CO2,Mt CO2/yr,208.6728249,225.5401434,320.9481125,272.6457545,276.7861125,334.9633942,430.6687038,544.6595103,676.2415162,801.7625225,1095.607341,1380.447968,1571.913585,1624.453624,1580.36377
IMAGE 3.4,SSP5,RSAM,Emissions|CO2,Mt CO2/yr,1080.51535,1271.492533,1283.638367,944.8574118,902.618571,1167.49999,1458.086345,1660.927378,1790.39446,1782.494588,1576.756856,1650.851766,1613.879283,1445.973521,1294.864624
IMAGE 3.4,SSP5,RSAS,Emissions|CO2,Mt CO2/yr,225.5329259,237.6562119,288.2171148,345.8304037,458.1606471,609.3435364,853.8650971,1222.958323,1610.357076,1986.637105,2295.176453,2495.872966,2542.828634,2835.374207,3498.414246
IMAGE 3.4,SSP5,RUS,Emissions|CO2,Mt CO2/yr,1859.554006,1977.329671,1984.76707,2059.634074,1995.942302,1915.875183,1930.01884,1914.320028,1984.701721,1948.606629,1928.967224,1833.000773,1785.220083,1668.61789,1433.356822
IMAGE 3.4,SSP5,SAF,Emissions|CO2,Mt CO2/yr,447.5306092,455.6225535,467.505511,415.6155701,424.1669668,414.6886368,432.3421631,483.3091991,564.6193899,621.5293173,611.347346,494.8734996,441.0046743,331.3110504,274.2284928
IMAGE 3.4,SSP5,SEAS,Emissions|CO2,Mt CO2/yr,1136.943166,1350.717845,1446.722229,1702.23758,1657.935791,1971.372009,2234.3797,2483.163839,2703.87909,2825.757263,2777.186463,2561.126384,2462.976359,2442.772543,2378.223409
IMAGE 3.4,SSP5,STAN,Emissions|CO2,Mt CO2/yr,353.873113,405.4321442,386.1909282,397.1865362,454.4771119,606.7273662,630.304006,610.4002432,620.3131002,603.9087728,551.3262126,523.2281749,510.7025045,490.1006114,474.310491
IMAGE 3.4,SSP5,TUR,Emissions|CO2,Mt CO2/yr,226.43057,290.986641,355.5720012,373.8592046,468.0456136,539.4051819,598.8861847,602.9254151,612.484787,606.2418976,584.3291779,558.107722,524.5467225,512.6876272,513.4503225
IMAGE 3.4,SSP5,UKR,Emissions|CO2,Mt CO2/yr,461.6406683,401.803243,345.3652726,315.6348419,249.4707159,309.1566595,408.0299632,478.4306794,518.4901429,518.5880534,414.9397914,343.8784307,293.1255392,273.4658534,247.9440104
IMAGE 3.4,SSP5,USA,Emissions|CO2,Mt CO2/yr,5882.022624,5568.694947,5221.336915,4625.192058,4825.751384,4945.732219,5054.77885,4920.629965,4647.555054,4339.22876,3773.858033,3326.800415,3168.878846,3003.928752,3031.791077
IMAGE 3.4,SSP5,WAF,Emissions|CO2,Mt CO2/yr,695.4229228,647.4057363,744.8059897,964.0708212,672.8967794,898.4140117,1112.783427,1358.35375,1614.154999,1801.538249,2265.820069,2768.223226,3311.76001,3578.128439,3696.828715
IMAGE 3.4,SSP5,WEU,Emissions|CO2,Mt CO2/yr,3797.647502,3441.579794,3038.244446,2430.163005,2653.084208,2656.089783,2623.626445,2944.812256,3131.712891,3632.435791,4129.436524,4107.850993,4350.430176,4138.166789,4076.687907
IMAGE 3.4,SSP5,World,Emissions|CO2,Mt CO2/yr,34006.8545,37712.40072,38150.82162,37338.65495,41279.00391,43173.42448,45881.40463,48780.67448,51007.03581,52324.80144,51359.69825,50259.55144,49925.66276,48617.98405,47135.03581
IMAGE 3.4,SSP1,BRA,GDP|MER,billion US$2010/yr,1262.935482,1571.817703,1663.240593,1614.227529,1859.388115,2020.017062,2357.252996,2856.253311,3524.121942,4323.480419,6202.82447,8320.660512,10407.15859,12212.12455,13562.39314
IMAGE 3.4,SSP1,CAN,GDP|MER,billion US$2010/yr,1299.541858,1462.266648,1626.337343,1679.514402,1922.268976,2144.111635,2428.949252,2779.502437,3164.793241,3542.060683,4265.954373,4991.479763,5644.186757,6117.693543,6331.258061
IMAGE 3.4,SSP1,CEU,GDP|MER,billion US$2010/yr,1049.684247,1221.368646,1367.178247,1546.193462,1834.958017,2166.211048,2482.329027,2778.880995,3018.599254,3208.632051,3506.795781,3754.586141,3909.80267,3979.407513,3996.879896
IMAGE 3.4,SSP1,CHN,GDP|MER,billion US$2010/yr,3319.810376,5608.679259,8159.851004,10702.94068,13542.87476,16800.02915,20150.18939,23215.51644,26443.75881,29549.04204,34969.44649,39606.4993,42189.00901,43137.9434,42912.37652
IMAGE 3.4,SSP1,EAF,GDP|MER,billion US$2010/yr,147.9351288,201.6726001,256.8473467,312.553272,368.4708794,508.5913352,712.0517411,993.9042066,1383.133026,1889.78007,3341.203051,5562.646016,8628.78504,12461.57652,17014.27714
IMAGE 3.4,SSP1,INDIA,GDP|MER,billion US$2010/yr,1248.705454,1752.574286,2400.350729,2862.49321,4022.896278,5632.057004,7599.654701,10015.73645,12841.89689,15915.75354,22683.63508,29954.8072,36675.18885,41926.43032,45482.21812
IMAGE 3.4,SSP1,INDO,GDP|MER,billion US$2010/yr,641.3353503,847.8488261,1109.629804,1323.904384,1671.077854,2155.768383,2714.947781,3373.376252,4081.547787,4769.986042,6132.578246,7405.134449,8484.816503,9301.132264,9800.020696
IMAGE 3.4,SSP1,JAP,GDP|MER,billion US$2010/yr,5374.668076,5361.714165,5648.961116,5545.003041,5938.708237,6177.040714,6584.263662,7075.96397,7654.226404,8225.246435,9175.867917,9872.166695,10239.58079,10283.59462,9997.145245
IMAGE 3.4,SSP1,KOR,GDP|MER,billion US$2010/yr,1051.730796,1295.042218,1503.000464,1662.045342,1888.040918,2106.521586,2307.752527,2508.734226,2709.210795,2885.315977,3145.140825,3344.268168,3472.033792,3523.428497,3508.913779
IMAGE 3.4,SSP1,ME,GDP|MER,billion US$2010/yr,2197.954445,2678.513105,3145.63377,3248.705653,3886.958856,4673.284771,5589.269439,6622.515031,7704.044795,8781.037256,11025.22102,13431.48043,15687.76957,17722.08977,19535.49338
IMAGE 3.4,SSP1,MEX,GDP|MER,billion US$2010/yr,972.0154719,1046.260015,1210.365465,1188.210665,1397.09055,1613.534084,1898.992036,2257.349249,2686.625085,3148.746519,4084.259535,4976.106548,5714.28676,6184.840311,6321.639555
IMAGE 3.4,SSP1,NAF,GDP|MER,billion US$2010/yr,620.8929087,770.1259106,827.1259878,924.8860505,1140.550151,1444.30686,1888.56931,2519.072763,3361.808123,4389.503938,6994.411043,10225.39729,13780.40745,17563.78265,21514.63705
IMAGE 3.4,SSP1,OCE,GDP|MER,billion US$2010/yr,924.1707274,1049.782282,1202.771907,1327.973113,1526.875584,1757.888114,2048.437239,2402.901854,2812.89969,3234.632924,4084.504345,4975.040902,5820.318525,6499.575831,6931.606616
IMAGE 3.4,SSP1,RCAM,GDP|MER,billion US$2010/yr,363.4322202,424.8449796,493.9693057,498.1464547,613.2594031,740.3434899,910.7368875,1127.349213,1393.218999,1698.739229,2422.770278,3300.092604,4257.718326,5203.635236,6080.648502
IMAGE 3.4,SSP1,RSAF,GDP|MER,billion US$2010/yr,133.2560247,185.4664677,238.1987688,253.033519,308.6357495,413.6127383,570.644403,786.6423833,1086.554611,1481.40618,2628.467627,4410.896613,6934.656224,10230.237,14287.24281
IMAGE 3.4,SSP1,RSAM,GDP|MER,billion US$2010/yr,1039.123261,1300.368232,1488.811422,1241.725584,1514.413509,1756.362756,2089.758156,2531.396371,3069.707055,3665.599171,4977.331708,6421.317323,7839.614448,9076.29206,10027.00105
IMAGE 3.4,SSP1,RSAS,GDP|MER,billion US$2010/yr,396.4274677,498.5776079,634.6102608,779.4003253,955.4339196,1320.735139,1825.64857,2508.644499,3411.349579,4515.979045,7361.855047,11190.7218,15805.4891,20827.63886,26085.67078
IMAGE 3.4,SSP1,RUS,GDP|MER,billion US$2010/yr,886.5196833,1082.620195,1186.125898,1234.261632,1349.441114,1475.77443,1667.85433,1882.64844,2117.476027,2355.470643,2904.01906,3546.992342,4205.575896,4883.757587,5607.035373
IMAGE 3.4,SSP1,SAF,GDP|MER,billion US$2010/yr,345.8100499,402.8189198,448.1299167,433.8221046,483.3255859,519.454076,604.0234824,733.862657,908.9566109,1123.806661,1658.098464,2319.213205,3043.811417,3776.273475,4465.429546
IMAGE 3.4,SSP1,SEAS,GDP|MER,billion US$2010/yr,1016.101447,1307.209634,1657.823745,1939.712558,2378.076293,3108.060337,4002.168247,4937.969275,5880.151993,6783.609229,8513.645436,10200.90626,11683.05685,12903.73094,13886.04154
IMAGE 3.4,SSP1,STAN,GDP|MER,billion US$2010/yr,150.0068276,211.2527683,283.6479044,334.2327476,419.5463476,513.6611496,637.1607629,777.9565939,928.2614036,1081.064513,1414.205133,1802.61644,2213.286675,2652.000455,3125.996863
IMAGE 3.4,SSP1,TUR,GDP|MER,billion US$2010/yr,581.3609913,679.488616,956.2375157,1123.30707,1459.343322,1816.314753,2210.972606,2595.393834,2955.402687,3272.121062,3823.035611,4243.92364,4506.369401,4653.337697,4727.660405
IMAGE 3.4,SSP1,UKR,GDP|MER,billion US$2010/yr,166.4637419,188.5147432,173.6745754,185.1310475,166.1451628,201.677031,250.5589317,311.2658704,377.7086694,443.1707725,575.3752143,711.5680741,840.9073811,967.2161884,1096.899449
IMAGE 3.4,SSP1,USA,GDP|MER,billion US$2010/yr,14435.27011,15159.61022,16846.45453,17809.75631,20312.0302,22335.20654,24483.29163,26736.9222,28977.90238,31052.17876,34938.06421,38771.85266,42403.8441,45655.59272,48116.34851
IMAGE 3.4,SSP1,WAF,GDP|MER,billion US$2010/yr,443.7121111,595.4643216,758.7971229,815.7137041,985.7117078,1231.799126,1659.6493,2239.963269,3034.611636,4081.112445,7143.365518,11922.69424,18709.16365,27669.00787,38986.4662
IMAGE 3.4,SSP1,WEU,GDP|MER,billion US$2010/yr,15750.30149,16383.87339,17248.8854,17387.87354,19768.59511,21302.30545,23144.55461,25436.90069,28057.03811,30719.73491,35964.28563,40980.11019,45064.34757,47576.15688,48233.87086
IMAGE 3.4,SSP1,World,GDP|MER,billion US$2010/yr,55819.16039,63287.76502,72536.65405,77974.75796,91714.12808,105934.6739,122819.6711,142006.6141,163584.9462,186137.2033,233936.4147,286243.1177,338161.2254,386988.5259,431635.1979
IMAGE 3.4,SSP1,BRA,GDP|PPP,billion US$2010/yr,2265.708274,2819.844121,2983.857252,2895.928226,3335.745089,3629.13906,4165.91779,4914.756791,5866.460145,6948.411114,9336.414587,11833.87608,14123.13113,15986.74899,17273.76545
IMAGE 3.4,SSP1,CAN,GDP|PPP,billion US$2010/yr,1297.524718,1459.996858,1623.812835,1676.906737,1919.284766,2133.439629,2398.397731,2715.312247,3057.690179,3390.207169,4024.026194,4653.929455,5220.931691,5633.403116,5812.996545
IMAGE 3.4,SSP1,CEU,GDP|PPP,billion US$2010/yr,1852.431467,2155.411744,2412.729658,2728.645964,3238.244226,3726.809491,4188.059338,4619.876186,4972.903946,5253.215714,5693.968584,6051.647986,6272.860094,6382.112033,6422.842573
IMAGE 3.4,SSP1,CHN,GDP|PPP,billion US$2010/yr,7632.95549,12895.55616,18761.23851,24608.35539,31137.97426,37364.48993,43613.24262,49280.64816,55068.68918,60414.15778,69248.79103,76264.32481,79780.73293,80613.24281,79693.54168
IMAGE 3.4,SSP1,EAF,GDP|PPP,billion US$2010/yr,388.3367689,529.3997908,674.2361197,820.4669272,967.2532274,1290.096153,1734.050679,2318.21964,3082.620008,4025.13177,6519.947234,9988.724162,14365.02844,19424.40913,25012.5139
IMAGE 3.4,SSP1,INDIA,GDP|PPP,billion US$2010/yr,3754.150873,5268.996141,7216.495012,8605.894674,12094.57144,16079.49949,20720.33295,26153.69813,32223.99001,38527.9631,51642.30657,64816.55886,76197.47097,84496.79752,89574.17573
IMAGE 3.4,SSP1,INDO,GDP|PPP,billion US$2010/yr,1578.552758,2086.854781,2731.190575,3258.596785,4113.11164,5131.032749,6266.947099,7556.779434,8901.867333,10171.09343,12590.19638,14746.56699,16491.21313,17761.2814,18485.05643
IMAGE 3.4,SSP1,JAP,GDP|PPP,billion US$2010/yr,4572.5679,4561.548375,4805.926745,4717.482252,5052.431889,5266.911556,5591.710876,5970.279939,6397.597135,6806.247181,7482.195754,7966.212686,8193.226367,8195.803701,7969.573228
IMAGE 3.4,SSP1,KOR,GDP|PPP,billion US$2010/yr,1365.281842,1681.131754,1951.087938,2157.549606,2450.920185,2709.885511,2948.857158,3184.854458,3414.585292,3611.768421,3889.617523,4081.078049,4189.451585,4217.1175,4167.017687
IMAGE 3.4,SSP1,ME,GDP|PPP,billion US$2010/yr,4153.528735,5061.650795,5944.380026,6139.158364,7345.278982,8734.15236,10316.04835,12068.59472,13881.83204,15657.50572,19254.28233,22942.41396,26272.12462,29192.68113,31710.55252
IMAGE 3.4,SSP1,MEX,GDP|PPP,billion US$2010/yr,1486.337866,1599.867829,1850.807584,1816.929563,2136.334195,2445.868825,2835.596151,3306.291537,3849.223686,4412.927042,5514.184762,6527.08426,7343.833186,7866.78599,8023.706448
IMAGE 3.4,SSP1,NAF,GDP|PPP,billion US$2010/yr,1504.46602,1866.067811,2004.183057,2241.062141,2763.631725,3418.77799,4325.039124,5545.613639,7096.031532,8894.106662,13155.61976,18058.02266,23127.56231,28269.82337,33405.3839
IMAGE 3.4,SSP1,OCE,GDP|PPP,billion US$2010/yr,873.5678612,992.3014437,1136.913507,1255.259948,1443.272174,1649.702877,1900.835324,2199.017918,2535.753164,2876.741012,3554.588104,4249.283879,4897.612243,5410.578619,5725.865871
IMAGE 3.4,SSP1,RCAM,GDP|PPP,billion US$2010/yr,687.926012,804.1717094,935.0143018,942.9210124,1160.814025,1375.96818,1651.093096,1986.46368,2380.769087,2813.721532,3780.669022,4873.413424,5990.759607,7033.870983,7943.954577
IMAGE 3.4,SSP1,RSAF,GDP|PPP,billion US$2010/yr,286.9312312,399.3523386,512.8972436,544.8398298,664.5642189,868.5741742,1157.138551,1535.668806,2034.733396,2658.190617,4333.360425,6700.187566,9764.362459,13452.4281,17658.22804
IMAGE 3.4,SSP1,RSAM,GDP|PPP,billion US$2010/yr,2161.116497,2704.442007,3096.355876,2582.477561,3149.60285,3615.694461,4225.216226,4996.410426,5898.803124,6858.37154,8871.745784,10964.95141,12912.92518,14536.09639,15710.50091
IMAGE 3.4,SSP1,RSAS,GDP|PPP,billion US$2010/yr,1190.590081,1497.377539,1905.925356,2340.773075,2869.45416,3806.067261,5033.441828,6607.990388,8580.997028,10873.40816,16382.99862,23208.05088,30836.59109,38636.85048,46355.99387
IMAGE 3.4,SSP1,RUS,GDP|PPP,billion US$2010/yr,1982.564413,2421.11208,2652.585388,2760.235485,3017.815054,3280.203124,3656.668671,4072.887372,4520.622574,4965.046997,5948.089441,7046.37092,8127.428341,9208.707527,10334.8107
IMAGE 3.4,SSP1,SAF,GDP|PPP,billion US$2010/yr,567.9289136,661.5552552,735.9700426,712.4723513,793.7725838,860.9402743,990.0925896,1175.333235,1412.61217,1690.127679,2336.317775,3075.417534,3824.873419,4529.866903,5148.891811
IMAGE 3.4,SSP1,SEAS,GDP|PPP,billion US$2010/yr,2404.244467,3093.048341,3922.651216,4589.642673,5626.874049,7091.498885,8812.29671,10568.89866,12299.53579,13918.011,16918.35833,19715.0351,22058.34873,23902.0608,25291.80934
IMAGE 3.4,SSP1,STAN,GDP|PPP,billion US$2010/yr,396.3017265,558.1068824,749.3667056,883.0067066,1108.39576,1334.563017,1618.574328,1935.148625,2267.349871,2597.175129,3285.221219,4042.988399,4807.184852,5590.461423,6405.909512
IMAGE 3.4,SSP1,TUR,GDP|PPP,billion US$2010/yr,902.9218895,1055.325521,1485.149263,1744.628433,2266.532453,2749.335226,3271.240328,3777.855319,4251.426339,4665.060944,5376.521563,5918.017653,6259.964767,6460.040569,6568.013306
IMAGE 3.4,SSP1,UKR,GDP|PPP,billion US$2010/yr,495.0666119,560.6467266,516.5120364,550.5836618,494.1191778,584.7888192,702.7090403,842.4664245,989.3001201,1128.648593,1398.099722,1662.17604,1901.123347,2126.109776,2350.768156
IMAGE 3.4,SSP1,USA,GDP|PPP,billion US$2010/yr,14435.27041,15159.61013,16846.45475,17809.75584,20312.03124,22335.20584,24483.29112,26736.92324,28977.90289,31052.1785,34938.06335,38771.85196,42403.84583,45655.58199,48116.34851
IMAGE 3.4,SSP1,WAF,GDP|PPP,billion US$2010/yr,970.1588813,1301.958924,1659.079858,1783.525631,2155.218917,2667.001423,3488.958836,4557.814079,5954.888952,7704.697341,12457.18969,19234.77572,28079.53657,38890.49265,51550.63243
IMAGE 3.4,SSP1,WEU,GDP|PPP,billion US$2010/yr,14042.31046,14607.17997,15378.38878,15502.30097,17624.86386,19000.4541,20607.84109,22546.39691,24709.40422,26869.41933,31051.81286,34997.28417,38249.37514,40318.66808,40939.5001
IMAGE 3.4,SSP1,World,GDP|PPP,billion US$2010/yr,73248.74498,87802.51003,104493.2181,115669.4319,139242.1391,163150.0588,190703.5336,221174.2416,254627.5569,288783.4909,358984.5402,432390.2468,501691.4651,563792.0272,617652.3538
IMAGE 3.4,SSP2,BRA,GDP|MER,billion US$2010/yr,1262.935482,1571.817703,1663.240593,1614.227529,1859.388115,2016.493341,2331.611031,2770.658241,3331.614454,4004.223104,5632.352771,7580.709024,9730.246369,11962.63934,14248.2836
IMAGE 3.4,SSP2,CAN,GDP|MER,billion US$2010/yr,1299.541858,1462.266648,1626.337343,1679.514402,1922.268976,2141.965943,2402.270442,2701.639393,3019.350302,3338.273079,3980.257149,4653.924799,5291.582038,5847.297532,6320.517414
IMAGE 3.4,SSP2,CEU,GDP|MER,billion US$2010/yr,1049.684247,1221.368646,1367.178247,1546.193462,1834.958017,2161.844337,2438.607637,2673.169367,2852.06273,3002.294429,3260.186271,3491.290744,3660.856937,3792.900652,3924.163411
IMAGE 3.4,SSP2,CHN,GDP|MER,billion US$2010/yr,3319.810376,5608.679259,8159.851004,10702.94068,13542.87476,16761.91182,19768.76127,22188.29806,24546.53251,26814.71878,30887.67937,34591.98408,36952.82173,38481.43425,39505.73927
IMAGE 3.4,SSP2,EAF,GDP|MER,billion US$2010/yr,147.9351288,201.6726001,256.8473467,312.553272,368.4708794,505.4064789,690.4369643,925.8051978,1233.490645,1633.024769,2798.69514,4636.714951,7338.711036,11016.01791,15815.58061
IMAGE 3.4,SSP2,INDIA,GDP|MER,billion US$2010/yr,1248.705454,1752.574286,2400.350729,2862.49321,4022.896278,5602.282061,7367.680652,9363.24103,11600.36405,14097.57557,19907.81587,26540.02142,33432.67879,40013.19939,46179.39866
IMAGE 3.4,SSP2,INDO,GDP|MER,billion US$2010/yr,641.3353503,847.8488261,1109.629804,1323.904384,1671.077854,2145.567205,2639.461946,3175.780914,3730.192599,4287.185318,5475.89225,6708.454608,7932.804183,9067.824496,10067.48673
IMAGE 3.4,SSP2,JAP,GDP|MER,billion US$2010/yr,5374.668076,5361.714165,5648.961116,5545.003041,5938.708237,6167.137518,6457.341028,6715.600639,6992.360616,7293.338005,7833.807674,8251.144288,8558.164399,8811.898893,8944.519741
IMAGE 3.4,SSP2,KOR,GDP|MER,billion US$2010/yr,1051.730796,1295.042218,1503.000464,1662.045342,1888.040918,2102.982357,2271.783101,2406.253875,2519.526937,2616.818633,2757.617926,2889.44674,3000.236248,3087.528376,3172.602808
IMAGE 3.4,SSP2,ME,GDP|MER,billion US$2010/yr,2197.954445,2678.513105,3145.63377,3248.705653,3886.958856,4662.598404,5522.723066,6472.558052,7446.940557,8436.21441,10568.94069,12950.17848,15395.47022,17921.53836,20629.77434
IMAGE 3.4,SSP2,MEX,GDP|MER,billion US$2010/yr,972.0154719,1046.260015,1210.365465,1188.210665,1397.09055,1608.476143,1865.94372,2163.658815,2503.147893,2879.325319,3693.960639,4555.918611,5410.213237,6173.131499,6803.677047
IMAGE 3.4,SSP2,NAF,GDP|MER,billion US$2010/yr,620.8929087,770.1259106,827.1259878,924.8860505,1140.550151,1439.216794,1835.15741,2335.885799,2960.137168,3731.455422,5798.346502,8558.197631,11898.29073,15809.64313,20342.96938
IMAGE 3.4,SSP2,OCE,GDP|MER,billion US$2010/yr,924.1707274,1049.782282,1202.771907,1327.973113,1526.875584,1752.271873,2001.802493,2275.02324,2575.680493,2892.582752,3562.80533,4300.079411,5045.649357,5755.701835,6420.670403
IMAGE 3.4,SSP2,RCAM,GDP|MER,billion US$2010/yr,363.4322202,424.8449796,493.9693057,498.1464547,613.2594031,737.8217198,894.8853358,1081.033358,1300.15333,1554.469387,2176.486444,2965.472044,3899.59263,4945.545109,6109.31349
IMAGE 3.4,SSP2,RSAF,GDP|MER,billion US$2010/yr,133.2560247,185.4664677,238.1987688,253.033519,308.6357495,411.4030047,555.309162,735.5979318,968.706791,1271.716537,2168.14627,3607.775143,5774.10472,8832.295709,12923.14962
IMAGE 3.4,SSP2,RSAM,GDP|MER,billion US$2010/yr,1039.123261,1300.368232,1488.811422,1241.725584,1514.413509,1751.561811,2052.492675,2420.120564,2845.722027,3321.851941,4420.512904,5733.479463,7191.504575,8714.102067,10276.00771
IMAGE 3.4,SSP2,RSAS,GDP|MER,billion US$2010/yr,396.4274677,498.5776079,634.6102608,779.4003253,955.4339196,1315.861083,1774.836536,2335.929001,3032.270981,3888.630435,6176.12129,9416.392611,13659.14315,18775.28465,24791.3209
IMAGE 3.4,SSP2,RUS,GDP|MER,billion US$2010/yr,886.5196833,1082.620195,1186.125898,1234.261632,1349.441114,1474.909285,1652.975167,1837.619916,2024.613075,2214.053231,2669.588043,3219.307342,3808.160879,4465.031867,5213.643667
IMAGE 3.4,SSP2,SAF,GDP|MER,billion US$2010/yr,345.8100499,402.8189198,448.1299167,433.8221046,483.3255859,519.7577006,602.2448673,723.2637315,879.1372193,1065.576231,1530.016027,2112.162198,2796.911679,3578.267165,4435.474041
IMAGE 3.4,SSP2,SEAS,GDP|MER,billion US$2010/yr,1016.101447,1307.209634,1657.823745,1939.712558,2378.076293,3097.05494,3909.002882,4698.323019,5479.605394,6266.594846,7901.787463,9635.054948,11333.07747,12986.61204,14673.50067
IMAGE 3.4,SSP2,STAN,GDP|MER,billion US$2010/yr,150.0068276,211.2527683,283.6479044,334.2327476,419.5463476,512.223857,625.1061285,742.2571108,859.6409953,981.8875816,1272.294777,1647.860731,2088.77116,2610.634121,3228.521523
IMAGE 3.4,SSP2,TUR,GDP|MER,billion US$2010/yr,581.3609913,679.488616,956.2375157,1123.30707,1459.343322,1810.634262,2170.610991,2507.27644,2830.31004,3133.629191,3693.544128,4125.279147,4401.432083,4577.554988,4707.271342
IMAGE 3.4,SSP2,UKR,GDP|MER,billion US$2010/yr,166.4637419,188.5147432,173.6745754,185.1310475,166.1451628,201.1756575,241.3789865,283.2891005,325.3071326,368.7496837,466.4809453,577.8496978,692.9052168,817.2925798,955.3674552
IMAGE 3.4,SSP2,USA,GDP|MER,billion US$2010/yr,14435.27011,15159.61022,16846.45453,17809.75631,20312.0302,22282.2898,24054.74026,25719.82856,27339.86508,28944.61479,32257.77651,35696.65564,39014.07108,42190.02813,45236.09158
IMAGE 3.4,SSP2,WAF,GDP|MER,billion US$2010/yr,443.7121111,595.4643216,758.7971229,815.7137041,985.7117078,1224.935569,1627.079529,2140.091647,2805.615192,3673.327873,6246.685435,10367.89918,16551.64061,25335.9745,37332.34453
IMAGE 3.4,SSP2,WEU,GDP|MER,billion US$2010/yr,15750.30149,16383.87339,17248.8854,17387.87354,19768.59511,21290.02061,22933.98432,24782.03804,26766.55425,28799.97718,32959.09778,37163.70219,40914.91748,44034.87162,46468.7625
IMAGE 3.4,SSP2,World,GDP|MER,billion US$2010/yr,55819.16039,63287.76502,72536.65405,77974.75796,91714.12808,105697.8125,120688.273,136174.2567,152768.8665,170512.0964,210096.8397,255977.0023,305773.8854,359604.2006,418726.1454
IMAGE 3.4,SSP2,BRA,GDP|PPP,billion US$2010/yr,2265.708274,2819.844121,2983.857252,2895.928226,3335.745089,3625.959717,4123.381493,4774.834841,5568.40831,6479.337313,8566.357335,10891.60582,13286.32227,15649.44216,17975.86167
IMAGE 3.4,SSP2,CAN,GDP|PPP,billion US$2010/yr,1297.524718,1459.996858,1623.812835,1676.906737,1919.284766,2130.380092,2367.689047,2631.275726,2906.755195,3182.626808,3737.170214,4313.786476,4857.459913,5334.728718,5743.932093
IMAGE 3.4,SSP2,CEU,GDP|PPP,billion US$2010/yr,1852.431467,2155.411744,2412.729658,2728.645964,3238.244226,3717.822356,4111.179856,4438.066195,4687.766369,4898.433852,5263.420119,5581.851016,5814.232476,6010.565328,6214.988792
IMAGE 3.4,SSP2,CHN,GDP|PPP,billion US$2010/yr,7632.95549,12895.55616,18761.23851,24608.35539,31137.97426,37276.18228,42786.25845,47125.75202,51216.65747,54998.10537,61393.10137,66753.93122,69813.11966,71532.76485,72531.82517
IMAGE 3.4,SSP2,EAF,GDP|PPP,billion US$2010/yr,388.3367689,529.3997908,674.2361197,820.4669272,967.2532274,1288.257267,1700.837275,2204.197603,2833.772816,3615.915955,5751.417992,8835.147093,12991.84084,18244.52107,24649.09729
IMAGE 3.4,SSP2,INDIA,GDP|PPP,billion US$2010/yr,3754.150873,5268.996141,7216.495012,8605.894674,12094.57144,16029.80697,20217.07499,24742.09336,29610.06761,34831.90854,46401.90018,58802.0629,70926.95223,82019.60529,92078.08353
IMAGE 3.4,SSP2,INDO,GDP|PPP,billion US$2010/yr,1578.552758,2086.854781,2731.190575,3258.596785,4113.11164,5115.842431,6124.235786,7181.280996,8244.637294,9287.841703,11448.07209,13599.0814,15652.04491,17507.03343,19102.99794
IMAGE 3.4,SSP2,JAP,GDP|PPP,billion US$2010/yr,4572.5679,4561.548375,4805.926745,4717.482252,5052.431889,5254.62581,5478.940997,5670.799077,5868.229392,6077.468388,6454.424521,6729.737396,6915.57214,7079.99256,7168.135778
IMAGE 3.4,SSP2,KOR,GDP|PPP,billion US$2010/yr,1365.281842,1681.131754,1951.087938,2157.549606,2450.920185,2704.313546,2899.732026,3052.502786,3178.037367,3283.447645,3424.88841,3539.366686,3626.46058,3689.670453,3744.98308
IMAGE 3.4,SSP2,ME,GDP|PPP,billion US$2010/yr,4153.528735,5061.650795,5944.380026,6139.158364,7345.278982,8729.006886,10219.715,11827.14093,13458.99665,15097.43281,18553.74712,22249.56802,25909.31814,29613.52281,33488.87547
IMAGE 3.4,SSP2,MEX,GDP|PPP,billion US$2010/yr,1486.337866,1599.867829,1850.807584,1816.929563,2136.334195,2442.461497,2795.969025,3189.515836,3623.797514,4091.205108,5076.471145,6083.258602,7050.506014,7910.265867,8629.337871
IMAGE 3.4,SSP2,NAF,GDP|PPP,billion US$2010/yr,1504.46602,1866.067811,2004.183057,2241.062141,2763.631725,3413.965974,4231.020773,5221.434177,6407.772874,7814.875281,11368.65773,15782.19354,20812.74054,26442.25142,32678.70646
IMAGE 3.4,SSP2,OCE,GDP|PPP,billion US$2010/yr,873.5678612,992.3014437,1136.913507,1255.259948,1443.272174,1645.155626,1860.760611,2091.05086,2339.906841,2599.746244,3144.458458,3729.617785,4310.950867,4861.227202,5373.357365
IMAGE 3.4,SSP2,RCAM,GDP|PPP,billion US$2010/yr,687.926012,804.1717094,935.0143018,942.9210124,1160.814025,1374.305488,1629.305018,1919.184972,2247.521434,2614.805936,3470.150515,4488.564644,5623.829927,6836.004171,8129.172166
IMAGE 3.4,SSP2,RSAF,GDP|PPP,billion US$2010/yr,286.9312312,399.3523386,512.8972436,544.8398298,664.5642189,867.628836,1137.451826,1463.637985,1868.967786,2374.023124,3773.561745,5833.671474,8676.76894,12379.67061,16981.55468
IMAGE 3.4,SSP2,RSAM,GDP|PPP,billion US$2010/yr,2161.116497,2704.442007,3096.355876,2582.477561,3149.60285,3611.101775,4162.968865,4807.07451,5526.748524,6306.944194,8038.812928,9998.447177,12063.74295,14139.83594,16201.95993
IMAGE 3.4,SSP2,RSAS,GDP|PPP,billion US$2010/yr,1190.590081,1497.377539,1905.925356,2340.773075,2869.45416,3801.627376,4930.225125,6251.014682,7821.361077,9674.974116,14349.15444,20483.87373,27952.02531,36451.21455,45963.37793
IMAGE 3.4,SSP2,RUS,GDP|PPP,billion US$2010/yr,1982.564413,2421.11208,2652.585388,2760.235485,3017.815054,3276.083445,3614.754937,3958.623018,4303.903358,4650.803119,5459.287266,6392.678834,7362.096292,8423.77205,9600.363932
IMAGE 3.4,SSP2,SAF,GDP|PPP,billion US$2010/yr,567.9289136,661.5552552,735.9700426,712.4723513,793.7725838,860.6669903,983.7574986,1152.209162,1358.895705,1595.403739,2151.935587,2800.625806,3512.218131,4280.718435,5082.280289
IMAGE 3.4,SSP2,SEAS,GDP|PPP,billion US$2010/yr,2404.244467,3093.048341,3922.651216,4589.642673,5626.874049,7078.566237,8646.435903,10133.2507,11574.98621,12997.70083,15875.08793,18800.99599,21559.97607,24177.6782,26780.32415
IMAGE 3.4,SSP2,STAN,GDP|PPP,billion US$2010/yr,396.3017265,558.1068824,749.3667056,883.0067066,1108.39576,1333.231619,1594.719109,1862.119865,2128.612198,2402.242638,3026.354605,3787.306537,4642.010974,5617.365226,6729.652477
IMAGE 3.4,SSP2,TUR,GDP|PPP,billion US$2010/yr,902.9218895,1055.325521,1485.149263,1744.628433,2266.532453,2742.407524,3214.902987,3650.687795,4063.74419,4446.82724,5144.0157,5676.514106,6022.134395,6253.958739,6430.816354
IMAGE 3.4,SSP2,UKR,GDP|PPP,billion US$2010/yr,495.0666119,560.6467266,516.5120364,550.5836618,494.1191778,583.0717005,679.1907276,774.8838724,867.4107903,960.2235677,1161.499736,1380.157633,1597.356618,1826.852706,2074.288585
IMAGE 3.4,SSP2,USA,GDP|PPP,billion US$2010/yr,14435.27041,15159.61013,16846.45475,17809.75584,20312.03124,22282.28962,24054.74069,25719.81671,27339.86482,28944.61444,32257.77608,35696.65538,39014.07057,42190.0174,45236.08172
IMAGE 3.4,SSP2,WAF,GDP|PPP,billion US$2010/yr,970.1588813,1301.958924,1659.079858,1783.525631,2155.218917,2666.06866,3456.211814,4431.113883,5651.072326,7181.237184,11453.02338,17772.28199,26542.94542,38138.34584,52887.34142
IMAGE 3.4,SSP2,WEU,GDP|PPP,billion US$2010/yr,14042.31046,14607.17997,15378.38878,15502.30097,17624.86386,18976.77183,20369.58828,21882.83901,23482.6038,25111.54629,28417.01,31720.35558,34712.27262,37300.84248,39413.67912
IMAGE 3.4,SSP2,World,GDP|PPP,billion US$2010/yr,73248.74498,87802.51003,104493.2181,115669.4319,139242.1391,162827.5853,187391.0621,212156.3553,238180.4911,265519.7393,325161.7763,391723.3459,461248.9854,533911.8484,610891.055
IMAGE 3.4,SSP3,BRA,GDP|MER,billion US$2010/yr,1262.935482,1571.817703,1663.240593,1614.227529,1859.388115,2011.519588,2296.620847,2655.706953,3058.874465,3489.164991,4358.662241,5173.265436,5921.002121,6631.4268,7367.702807
IMAGE 3.4,SSP3,CAN,GDP|MER,billion US$2010/yr,1299.541858,1462.266648,1626.337343,1679.514402,1922.268976,2140.014105,2369.957666,2602.588605,2812.119841,2990.242218,3267.995838,3481.642328,3618.036139,3693.403445,3736.101284
IMAGE 3.4,SSP3,CEU,GDP|MER,billion US$2010/yr,1049.684247,1221.368646,1367.178247,1546.193462,1834.958017,2149.28035,2361.48124,2491.85116,2545.079175,2567.816646,2573.250111,2547.048737,2485.472793,2420.229123,2367.043202
IMAGE 3.4,SSP3,CHN,GDP|MER,billion US$2010/yr,3319.810376,5608.679259,8159.851004,10702.94068,13542.87476,16700.03346,19300.55281,20927.97795,22109.87007,22997.65721,24015.50411,24372.16316,23854.61595,23243.22101,22746.13377
IMAGE 3.4,SSP3,EAF,GDP|MER,billion US$2010/yr,147.9351288,201.6726001,256.8473467,312.553272,368.4708794,502.7221133,667.7425565,847.5272353,1042.590903,1261.049001,1778.312624,2398.39446,3104.635205,3843.961928,4605.32603
IMAGE 3.4,SSP3,INDIA,GDP|MER,billion US$2010/yr,1248.705454,1752.574286,2400.350729,2862.49321,4022.896278,5568.767387,7110.970769,8601.942284,9987.967619,11344.68658,14002.50932,16367.47883,18407.44851,20089.07537,21625.18951
IMAGE 3.4,SSP3,INDO,GDP|MER,billion US$2010/yr,641.3353503,847.8488261,1109.629804,1323.904384,1671.077854,2133.392035,2552.169819,2933.82502,3249.255092,3515.501509,3990.933548,4370.88726,4687.297682,4938.42234,5142.735014
IMAGE 3.4,SSP3,JAP,GDP|MER,billion US$2010/yr,5374.668076,5361.714165,5648.961116,5545.003041,5938.708237,6147.629109,6292.317677,6272.22992,6155.033243,6020.416247,5671.170196,5255.879577,4891.169475,4620.473267,4395.008298
IMAGE 3.4,SSP3,KOR,GDP|MER,billion US$2010/yr,1051.730796,1295.042218,1503.000464,1662.045342,1888.040918,2094.543593,2213.799558,2253.117682,2231.624203,2178.964459,2019.884133,1864.91463,1716.946044,1595.328377,1516.256788
IMAGE 3.4,SSP3,ME,GDP|MER,billion US$2010/yr,2197.954445,2678.513105,3145.63377,3248.705653,3886.958856,4659.320601,5486.009239,6296.88932,7008.776215,7618.143989,8649.318108,9540.411858,10299.54165,11028.34817,11785.00216
IMAGE 3.4,SSP3,MEX,GDP|MER,billion US$2010/yr,972.0154719,1046.260015,1210.365465,1188.210665,1397.09055,1601.23817,1822.632194,2035.098942,2225.208173,2400.674189,2689.098668,2897.961937,3052.614626,3142.604101,3188.959697
IMAGE 3.4,SSP3,NAF,GDP|MER,billion US$2010/yr,620.8929087,770.1259106,827.1259878,924.8860505,1140.550151,1433.840932,1780.232338,2137.128442,2487.657257,2859.239778,3698.717274,4583.827012,5442.855012,6257.698586,7051.320078
IMAGE 3.4,SSP3,OCE,GDP|MER,billion US$2010/yr,924.1707274,1049.782282,1202.771907,1327.973113,1526.875584,1743.931698,1938.609249,2102.83835,2239.407184,2358.266578,2561.049463,2747.108796,2899.691119,3023.237362,3141.868561
IMAGE 3.4,SSP3,RCAM,GDP|MER,billion US$2010/yr,363.4322202,424.8449796,493.9693057,498.1464547,613.2594031,732.1507833,869.4732956,1010.87963,1152.542544,1297.233328,1592.08713,1884.09404,2158.025957,2407.078034,2650.172684
IMAGE 3.4,SSP3,RSAF,GDP|MER,billion US$2010/yr,133.2560247,185.4664677,238.1987688,253.033519,308.6357495,409.8449684,539.8015981,676.0912467,818.1915108,975.0956815,1349.794483,1804.204939,2325.449781,2882.874518,3439.901577
IMAGE 3.4,SSP3,RSAM,GDP|MER,billion US$2010/yr,1039.123261,1300.368232,1488.811422,1241.725584,1514.413509,1744.916479,2008.045715,2285.976574,2553.819244,2809.776971,3278.622388,3711.172703,4110.34792,4480.520288,4855.126939
IMAGE 3.4,SSP3,RSAS,GDP|MER,billion US$2010/yr,396.4274677,498.5776079,634.6102608,779.4003253,955.4339196,1308.703975,1718.805939,2146.905355,2584.214522,3047.051556,4053.620554,5150.976599,6278.069925,7328.240677,8328.421339
IMAGE 3.4,SSP3,RUS,GDP|MER,billion US$2010/yr,886.5196833,1082.620195,1186.125898,1234.261632,1349.441114,1475.114217,1640.713593,1783.254253,1891.99555,1975.264366,2149.887391,2345.936324,2534.095933,2742.750947,2985.630696
IMAGE 3.4,SSP3,SAF,GDP|MER,billion US$2010/yr,345.8100499,402.8189198,448.1299167,433.8221046,483.3255859,517.4519398,588.7047536,687.993913,806.3888873,935.7956279,1217.847141,1513.515132,1816.736802,2128.1059,2441.917564
IMAGE 3.4,SSP3,SEAS,GDP|MER,billion US$2010/yr,1016.101447,1307.209634,1657.823745,1939.712558,2378.076293,3081.535502,3782.281857,4350.761839,4816.151107,5232.298008,5989.323093,6653.41987,7177.11614,7610.433011,8022.872307
IMAGE 3.4,SSP3,STAN,GDP|MER,billion US$2010/yr,150.0068276,211.2527683,283.6479044,334.2327476,419.5463476,510.4779549,613.3712848,703.2217378,772.2837881,829.8180037,948.4172175,1095.470118,1255.593381,1433.066622,1628.248194
IMAGE 3.4,SSP3,TUR,GDP|MER,billion US$2010/yr,581.3609913,679.488616,956.2375157,1123.30707,1459.343322,1802.207684,2125.665549,2413.659117,2699.115961,2990.406163,3604.880619,4180.667255,4691.89148,5195.230812,5734.398887
IMAGE 3.4,SSP3,UKR,GDP|MER,billion US$2010/yr,166.4637419,188.5147432,173.6745754,185.1310475,166.1451628,200.3412004,230.5322214,250.6783426,260.6022564,267.3928238,282.349962,298.8798833,313.342329,331.6391821,354.7999139
IMAGE 3.4,SSP3,USA,GDP|MER,billion US$2010/yr,14435.27011,15159.61022,16846.45453,17809.75631,20312.0302,22219.61387,23560.2562,24543.70777,25381.26999,26222.35482,28021.2138,29818.89858,31571.07741,33456.0521,35553.56887
IMAGE 3.4,SSP3,WAF,GDP|MER,billion US$2010/yr,443.7121111,595.4643216,758.7971229,815.7137041,985.7117078,1220.716187,1595.812459,2023.85095,2506.069003,3062.597579,4449.190077,6211.381761,8328.624055,10736.39332,13396.75278
IMAGE 3.4,SSP3,WEU,GDP|MER,billion US$2010/yr,15750.30149,16383.87339,17248.8854,17387.87354,19768.59511,21249.70996,22493.65767,23544.01673,24347.38301,24940.4227,25728.62402,26175.27587,26243.66773,26110.58385,25857.84189
IMAGE 3.4,SSP3,World,GDP|MER,billion US$2010/yr,55819.16039,63287.76502,72536.65405,77974.75796,91714.12808,105359.0124,117960.2373,128579.7064,137743.4811,146187.3401,161942.283,176444.8151,189185.367,201370.4007,213918.33
IMAGE 3.4,SSP3,BRA,GDP|PPP,billion US$2010/yr,2265.708274,2819.844121,2983.857252,2895.928226,3335.745089,3622.673007,4070.252163,4595.995411,5160.693461,5744.03973,6879.824267,7877.074774,8741.11522,9548.865922,10386.5229
IMAGE 3.4,SSP3,CAN,GDP|PPP,billion US$2010/yr,1297.524718,1459.996858,1623.812835,1676.906737,1919.284766,2126.029995,2328.252313,2522.281791,2693.970402,2841.90697,3079.320046,3265.538821,3391.7414,3474.737791,3536.288218
IMAGE 3.4,SSP3,CEU,GDP|PPP,billion US$2010/yr,1852.431467,2155.411744,2412.729658,2728.645964,3238.244226,3703.240268,4000.430196,4172.307037,4238.336292,4266.170423,4272.92423,4228.315518,4142.624149,4070.397391,4021.983528
IMAGE 3.4,SSP3,CHN,GDP|PPP,billion US$2010/yr,7632.95549,12895.55616,18761.23851,24608.35539,31137.97426,37189.41076,41900.58571,44718.10076,46650.90801,47997.12367,49229.5623,49199.2985,47779.284,46361.8874,45275.96901
IMAGE 3.4,SSP3,EAF,GDP|PPP,billion US$2010/yr,388.3367689,529.3997908,674.2361197,820.4669272,967.2532274,1286.058419,1661.285467,2060.688886,2486.528509,2955.969844,4041.750034,5285.150322,6634.57723,8014.331765,9403.958601
IMAGE 3.4,SSP3,INDIA,GDP|PPP,billion US$2010/yr,3754.150873,5268.996141,7216.495012,8605.894674,12094.57144,15977.45435,19662.79391,23083.2419,26172.57298,29127.42616,34802.01254,39646.31317,43647.24937,46968.92026,50067.43347
IMAGE 3.4,SSP3,INDO,GDP|PPP,billion US$2010/yr,1578.552758,2086.854781,2731.190575,3258.596785,4113.11164,5099.623885,5961.976216,6722.578194,7343.748808,7867.404226,8802.658074,9532.314728,10125.12763,10607.47484,11009.67208
IMAGE 3.4,SSP3,JAP,GDP|PPP,billion US$2010/yr,4572.5679,4561.548375,4805.926745,4717.482252,5052.431889,5239.253754,5345.59409,5321.482355,5225.990623,5119.133739,4854.172932,4529.411474,4242.134683,4033.734334,3863.13345
IMAGE 3.4,SSP3,KOR,GDP|PPP,billion US$2010/yr,1365.281842,1681.131754,1951.087938,2157.549606,2450.920185,2696.642393,2833.458289,2876.007567,2850.553887,2791.678696,2608.548125,2418.26944,2238.373654,2093.28189,1995.901511
IMAGE 3.4,SSP3,ME,GDP|PPP,billion US$2010/yr,4153.528735,5061.650795,5944.380026,6139.158364,7345.278982,8734.80359,10162.04004,11534.95179,12748.64755,13809.28589,15649.27556,17206.85753,18524.65813,19815.32019,21141.15083
IMAGE 3.4,SSP3,MEX,GDP|PPP,billion US$2010/yr,1486.337866,1599.867829,1850.807584,1816.929563,2136.334195,2438.536809,2747.497557,3035.115649,3290.009976,3525.442318,3924.343927,4219.69835,4444.180942,4599.338644,4708.59491
IMAGE 3.4,SSP3,NAF,GDP|PPP,billion US$2010/yr,1504.46602,1866.067811,2004.183057,2241.062141,2763.631725,3410.459934,4135.82031,4865.118896,5574.125504,6315.258734,7946.777475,9598.17766,11169.66371,12666.0214,14107.41182
IMAGE 3.4,SSP3,OCE,GDP|PPP,billion US$2010/yr,873.5678612,992.3014437,1136.913507,1255.259948,1443.272174,1638.170184,1806.848074,1946.962715,2064.830741,2170.396118,2357.143341,2525.725899,2665.510463,2785.346782,2903.859547
IMAGE 3.4,SSP3,RCAM,GDP|PPP,billion US$2010/yr,687.926012,804.1717094,935.0143018,942.9210124,1160.814025,1369.250883,1595.793585,1820.346897,2039.555419,2259.508203,2699.331961,3118.736767,3500.236906,3846.950601,4186.03966
IMAGE 3.4,SSP3,RSAF,GDP|PPP,billion US$2010/yr,286.9312312,399.3523386,512.8972436,544.8398298,664.5642189,866.4724836,1113.784904,1369.999609,1635.431935,1925.334065,2602.25191,3387.37156,4247.835109,5135.444778,6000.588636
IMAGE 3.4,SSP3,RSAM,GDP|PPP,billion US$2010/yr,2161.116497,2704.442007,3096.355876,2582.477561,3149.60285,3606.13777,4092.996261,4584.332228,5047.21015,5485.203947,6284.830501,6997.141397,7634.253623,8227.027581,8828.997729
IMAGE 3.4,SSP3,RSAS,GDP|PPP,billion US$2010/yr,1190.590081,1497.377539,1905.925356,2340.773075,2869.45416,3795.482881,4820.141299,5857.751296,6897.544861,7983.480016,10308.95622,12747.89356,15162.33513,17399.94829,19528.7141
IMAGE 3.4,SSP3,RUS,GDP|PPP,billion US$2010/yr,1982.564413,2421.11208,2652.585388,2760.235485,3017.815054,3275.274817,3578.580574,3828.700477,4018.393379,4166.757249,4474.006895,4801.332977,5119.265175,5484.3964,5903.44449
IMAGE 3.4,SSP3,SAF,GDP|PPP,billion US$2010/yr,567.9289136,661.5552552,735.9700426,712.4723513,793.7725838,856.9840793,962.1527148,1097.633292,1251.775002,1414.251604,1753.829355,2087.394182,2410.114461,2730.997748,3043.859114
IMAGE 3.4,SSP3,SEAS,GDP|PPP,billion US$2010/yr,2404.244467,3093.048341,3922.651216,4589.642673,5626.874049,7060.250665,8423.731483,9508.505891,10391.33356,11179.38997,12606.45766,13818.01475,14763.64825,15571.16907,16355.14934
IMAGE 3.4,SSP3,STAN,GDP|PPP,billion US$2010/yr,396.3017265,558.1068824,749.3667056,883.0067066,1108.39576,1332.94576,1574.296776,1785.146268,1953.693399,2099.630301,2395.032592,2733.152378,3089.452514,3476.89783,3890.702004
IMAGE 3.4,SSP3,TUR,GDP|PPP,billion US$2010/yr,902.9218895,1055.325521,1485.149263,1744.628433,2266.532453,2736.094542,3161.365826,3529.950896,3885.600883,4240.146376,4964.307061,5610.541374,6167.070924,6713.601065,7298.11998
IMAGE 3.4,SSP3,UKR,GDP|PPP,billion US$2010/yr,495.0666119,560.6467266,516.5120364,550.5836618,494.1191778,581.00963,652.5598033,697.4992682,718.2126675,731.7311657,761.1164302,791.9987394,819.7831087,858.6085032,908.1249004
IMAGE 3.4,SSP3,USA,GDP|PPP,billion US$2010/yr,14435.27041,15159.61013,16846.45475,17809.75584,20312.03124,22219.61361,23560.25594,24543.70838,25381.27016,26222.35421,28021.21363,29818.89824,31571.0768,33456.05219,35553.56869
IMAGE 3.4,SSP3,WAF,GDP|PPP,billion US$2010/yr,970.1588813,1301.958924,1659.079858,1783.525631,2155.218917,2666.203882,3414.828962,4252.480801,5182.036387,6238.994513,8806.805608,11930.32626,15524.34434,19474.51273,23670.73137
IMAGE 3.4,SSP3,WEU,GDP|PPP,billion US$2010/yr,14042.31046,14607.17997,15378.38878,15502.30097,17624.86386,18933.17187,19961.51807,20789.24433,21424.25629,21917.09025,22625.54623,23075.80792,23289.42433,23407.97415,23462.64285
IMAGE 3.4,SSP3,World,GDP|PPP,billion US$2010/yr,73248.74498,87802.51003,104493.2181,115669.4319,139242.1391,162461.2523,183528.8054,201120.1667,216327.2214,230395.0694,256751.9772,280450.7418,301045.065,320823.2088,341052.549
IMAGE 3.4,SSP5,BRA,GDP|MER,billion US$2010/yr,1262.935482,1571.817703,1663.240593,1614.227529,1859.388115,2028.760453,2414.440074,3043.890066,3940.478206,5043.858141,7779.571616,11130.5826,14790.88788,18413.85125,21696.4615
IMAGE 3.4,SSP5,CAN,GDP|MER,billion US$2010/yr,1299.541858,1462.266648,1626.337343,1679.514402,1922.268976,2149.930593,2499.236463,2988.845358,3577.564858,4199.316058,5560.837076,7136.675876,8813.752142,10408.97971,11709.85308
IMAGE 3.4,SSP5,CEU,GDP|MER,billion US$2010/yr,1049.684247,1221.368646,1367.178247,1546.193462,1834.958017,2185.325102,2580.643168,2999.805337,3371.922897,3687.482575,4266.023053,4860.639053,5404.553794,5883.684576,6318.576654
IMAGE 3.4,SSP5,CHN,GDP|MER,billion US$2010/yr,3319.810376,5608.679259,8159.851004,10702.94068,13542.87476,16910.16066,20855.08866,25079.45515,29801.80616,34431.99319,43186.31619,51823.63083,58516.90608,63460.39522,67016.82994
IMAGE 3.4,SSP5,EAF,GDP|MER,billion US$2010/yr,147.9351288,201.6726001,256.8473467,312.553272,368.4708794,511.1577611,736.2724762,1085.274617,1602.137655,2292.738219,4352.502099,7702.240287,12660.92541,19365.56607,28032.1472
IMAGE 3.4,SSP5,INDIA,GDP|MER,billion US$2010/yr,1248.705454,1752.574286,2400.350729,2862.49321,4022.896278,5675.155844,7925.00237,10983.07594,14769.46419,18966.09287,28650.21073,40037.95517,51914.05786,62906.6936,72407.56689
IMAGE 3.4,SSP5,INDO,GDP|MER,billion US$2010/yr,641.3353503,847.8488261,1109.629804,1323.904384,1671.077854,2171.553678,2823.805391,3676.962368,4653.480596,5627.693616,7663.433939,9795.142209,11896.46296,13840.56881,15495.51022
IMAGE 3.4,SSP5,JAP,GDP|MER,billion US$2010/yr,5374.668076,5361.714165,5648.961116,5545.003041,5938.708237,6212.017604,6807.680419,7654.942004,8684.013633,9705.256863,11615.50686,13401.57145,14913.48147,16064.26824,16733.23243
IMAGE 3.4,SSP5,KOR,GDP|MER,billion US$2010/yr,1051.730796,1295.042218,1503.000464,1662.045342,1888.040918,2120.978701,2388.708381,2709.779066,3058.104586,3378.451916,3935.728217,4472.212238,4963.214669,5382.571801,5727.732508
IMAGE 3.4,SSP5,ME,GDP|MER,billion US$2010/yr,2197.954445,2678.513105,3145.63377,3248.705653,3886.958856,4692.425411,5738.945052,7082.733369,8622.131953,10253.86842,13942.61382,18324.25723,23031.55406,27922.53632,32945.88244
IMAGE 3.4,SSP5,MEX,GDP|MER,billion US$2010/yr,972.0154719,1046.260015,1210.365465,1188.210665,1397.09055,1625.062334,1964.585752,2441.558657,3044.106075,3701.24846,5091.521978,6542.273669,7910.857638,9023.06183,9752.598347
IMAGE 3.4,SSP5,NAF,GDP|MER,billion US$2010/yr,620.8929087,770.1259106,827.1259878,924.8860505,1140.550151,1451.99236,1961.907237,2776.206911,3926.379999,5342.549155,9038.121555,13947.90882,19865.93223,26817.67645,34877.48191
IMAGE 3.4,SSP5,OCE,GDP|MER,billion US$2010/yr,924.1707274,1049.782282,1202.771907,1327.973113,1526.875584,1765.510473,2112.833488,2594.380252,3196.926563,3852.169173,5322.301883,7072.523329,8994.739134,10898.6872,12579.89423
IMAGE 3.4,SSP5,RCAM,GDP|MER,billion US$2010/yr,363.4322202,424.8449796,493.9693057,498.1464547,613.2594031,746.6215371,942.8475008,1219.34702,1577.535857,1996.252715,3026.324633,4356.730343,5929.995862,7653.190667,9469.280549
IMAGE 3.4,SSP5,RSAF,GDP|MER,billion US$2010/yr,133.2560247,185.4664677,238.1987688,253.033519,308.6357495,415.5698726,589.0767466,859.1945069,1263.058441,1808.012242,3451.248158,6159.90176,10268.23581,16055.09615,23789.14852
IMAGE 3.4,SSP5,RSAM,GDP|MER,billion US$2010/yr,1039.123261,1300.368232,1488.811422,1241.725584,1514.413509,1767.003707,2156.901601,2729.408219,3468.041497,4303.286319,6224.762153,8502.33098,10971.44799,13433.50759,15725.80936
IMAGE 3.4,SSP5,RSAS,GDP|MER,billion US$2010/yr,396.4274677,498.5776079,634.6102608,779.4003253,955.4339196,1331.061492,1905.416928,2772.709775,3978.924538,5464.376185,9367.321944,14872.97141,21953.75627,30340.66628,40061.62979
IMAGE 3.4,SSP5,RUS,GDP|MER,billion US$2010/yr,886.5196833,1082.620195,1186.125898,1234.261632,1349.441114,1479.41114,1701.324694,1992.478645,2346.430376,2732.571924,3687.124775,4921.518228,6366.541796,8035.214746,9961.552451
IMAGE 3.4,SSP5,SAF,GDP|MER,billion US$2010/yr,345.8100499,402.8189198,448.1299167,433.8221046,483.3255859,521.5182456,615.7018313,773.0927153,999.7595126,1288.100011,2047.144506,3064.336731,4289.96353,5670.968587,7145.587644
IMAGE 3.4,SSP5,SEAS,GDP|MER,billion US$2010/yr,1016.101447,1307.209634,1657.823745,1939.712558,2378.076293,3127.141158,4155.138279,5358.152781,6643.800256,7913.266972,10529.27142,13431.66874,16426.97555,19408.13652,22353.6061
IMAGE 3.4,SSP5,STAN,GDP|MER,billion US$2010/yr,150.0068276,211.2527683,283.6479044,334.2327476,419.5463476,517.2051214,660.3408455,844.1464821,1051.861579,1264.538382,1735.968155,2318.350275,2994.006318,3788.631422,4734.957088
IMAGE 3.4,SSP5,TUR,GDP|MER,billion US$2010/yr,581.3609913,679.488616,956.2375157,1123.30707,1459.343322,1828.889817,2280.700408,2760.593315,3230.583027,3659.251821,4486.873177,5278.54283,5976.025782,6599.942614,7184.689758
IMAGE 3.4,SSP5,UKR,GDP|MER,billion US$2010/yr,166.4637419,188.5147432,173.6745754,185.1310475,166.1451628,202.9690886,263.889596,349.731138,447.8785636,545.0055184,753.1502105,997.1887942,1271.282303,1580.772674,1932.532187
IMAGE 3.4,SSP5,USA,GDP|MER,billion US$2010/yr,14435.27011,15159.61022,16846.45453,17809.75631,20312.0302,22394.81403,25046.2451,28307.22119,31948.07456,35656.13451,43758.60126,53214.44714,63719.68614,74886.02437,85792.2298
IMAGE 3.4,SSP5,WAF,GDP|MER,billion US$2010/yr,443.7121111,595.4643216,758.7971229,815.7137041,985.7117078,1236.2035,1696.741974,2392.843575,3422.600894,4826.523984,9125.965337,16267.8487,27148.91286,42658.96992,63908.28995
IMAGE 3.4,SSP5,WEU,GDP|MER,billion US$2010/yr,15750.30149,16383.87339,17248.8854,17387.87354,19768.59511,21356.82841,23678.60714,27052.71672,31285.24725,35863.869,45953.92039,57207.8587,68509.26589,78558.10271,86202.838
IMAGE 3.4,SSP5,World,GDP|MER,billion US$2010/yr,55819.16039,63287.76502,72536.65405,77974.75796,91714.12808,106425.2609,126502.1356,152528.6021,183912.312,217803.9451,294552.3906,386841.3117,489503.4292,599057.8517,713555.9141
IMAGE 3.4,SSP5,BRA,GDP|PPP,billion US$2010/yr,2265.708274,2819.844121,2983.857252,2895.928226,3335.745089,3634.314283,4243.690008,5188.496761,6468.851645,7968.259409,11483.85187,15547.49654,19777.74574,23842.86378,27436.25984
IMAGE 3.4,SSP5,CAN,GDP|PPP,billion US$2010/yr,1297.524718,1459.996858,1623.812835,1676.906737,1919.284766,2140.99341,2468.852267,2917.462627,3449.768207,4009.072786,5231.246979,6642.194024,8149.80166,9595.321768,10777.20354
IMAGE 3.4,SSP5,CEU,GDP|PPP,billion US$2010/yr,1852.431467,2155.411744,2412.729658,2728.645964,3238.244226,3742.443067,4310.671498,4919.054692,5471.171131,5946.525731,6836.232426,7757.424791,8617.126228,9408.716258,10152.1461
IMAGE 3.4,SSP5,CHN,GDP|PPP,billion US$2010/yr,7632.95549,12895.55616,18761.23851,24608.35539,31137.97426,37476.67024,44775.30515,52555.07567,61059.7149,69165.8014,84069.58201,98356.5375,109452.2671,117735.0382,123995.9846
IMAGE 3.4,SSP5,EAF,GDP|PPP,billion US$2010/yr,388.3367689,529.3997908,674.2361197,820.4669272,967.2532274,1291.722335,1776.847143,2488.411612,3483.162132,4740.550072,8215.236749,13388.8661,20459.62461,29401.60263,40280.47269
IMAGE 3.4,SSP5,INDIA,GDP|PPP,billion US$2010/yr,3754.150873,5268.996141,7216.495012,8605.894674,12094.57144,16142.96196,21401.33775,28225.60248,36310.9513,44903.85924,63836.98351,85047.71643,106287.8174,125423.1951,141594.3212
IMAGE 3.4,SSP5,INDO,GDP|PPP,billion US$2010/yr,1578.552758,2086.854781,2731.190575,3258.596785,4113.11164,5150.275404,6460.590111,8118.789267,9965.607662,11766.1817,15441.35255,19203.83689,22848.3902,26212.91678,29085.80802
IMAGE 3.4,SSP5,JAP,GDP|PPP,billion US$2010/yr,4572.5679,4561.548375,4805.926745,4717.482252,5052.431889,5283.619607,5746.720374,6392.725351,7160.113317,7911.419041,9336.879752,10690.32492,11838.66078,12747.06275,13322.51205
IMAGE 3.4,SSP5,KOR,GDP|PPP,billion US$2010/yr,1365.281842,1681.131754,1951.087938,2157.549606,2450.920185,2718.916729,3028.32966,3397.527286,3793.380176,4154.973178,4780.542839,5370.623713,5910.881709,6379.936579,6758.929699
IMAGE 3.4,SSP5,ME,GDP|PPP,billion US$2010/yr,4153.528735,5061.650795,5944.380026,6139.158364,7345.278982,8751.819406,10543.62834,12801.03262,15354.99318,18019.14142,23919.24159,30732.24068,37906.54259,45278.69509,52747.7532
IMAGE 3.4,SSP5,MEX,GDP|PPP,billion US$2010/yr,1486.337866,1599.867829,1850.807584,1816.929563,2136.334195,2452.434402,2905.645291,3521.041378,4272.497739,5066.869289,6706.995732,8392.960326,9984.20666,11322.59782,12265.44033
IMAGE 3.4,SSP5,NAF,GDP|PPP,billion US$2010/yr,1504.46602,1866.067811,2004.183057,2241.062141,2763.631725,3425.081236,4451.227099,6002.707838,8082.29605,10521.4703,16517.20067,24005.92225,32618.06851,42388.04756,53359.39443
IMAGE 3.4,SSP5,OCE,GDP|PPP,billion US$2010/yr,873.5678612,992.3014437,1136.913507,1255.259948,1443.272174,1656.364867,1957.20931,2364.141899,2862.57081,3397.756623,4587.837187,5986.282131,7511.21389,9019.513864,10350.77773
IMAGE 3.4,SSP5,RCAM,GDP|PPP,billion US$2010/yr,687.926012,804.1717094,935.0143018,942.9210124,1160.814025,1380.172102,1690.692637,2111.800025,2635.426506,3221.731165,4591.203678,6264.869005,8153.177887,10150.80903,12189.11661
IMAGE 3.4,SSP5,RSAF,GDP|PPP,billion US$2010/yr,286.9312312,399.3523386,512.8972436,544.8398298,664.5642189,869.6608871,1184.730094,1649.931132,2307.579819,3148.673332,5501.854123,9056.986632,14034.76723,20564.94862,28741.51075
IMAGE 3.4,SSP5,RSAM,GDP|PPP,billion US$2010/yr,2161.116497,2704.442007,3096.355876,2582.477561,3149.60285,3623.554926,4324.624803,5313.322508,6541.388602,7880.049121,10843.27309,14219.13887,17764.65979,21236.80375,24419.25422
IMAGE 3.4,SSP5,RSAS,GDP|PPP,billion US$2010/yr,1190.590081,1497.377539,1905.925356,2340.773075,2869.45416,3816.244081,5187.50964,7144.475685,9719.26208,12731.57711,20159.2951,29926.44854,41754.25585,55140.68363,70067.32435
IMAGE 3.4,SSP5,RUS,GDP|PPP,billion US$2010/yr,1982.564413,2421.11208,2652.585388,2760.235485,3017.815054,3284.63192,3724.326001,4297.707749,4984.617431,5720.924312,7488.054119,9697.303082,12214.42912,15056.7569,18265.13758
IMAGE 3.4,SSP5,SAF,GDP|PPP,billion US$2010/yr,567.9289136,661.5552552,735.9700426,712.4723513,793.7725838,861.9624187,1004.881162,1229.840614,1538.074814,1912.061198,2839.475405,4003.721233,5325.797024,6742.869632,8193.678009
IMAGE 3.4,SSP5,SEAS,GDP|PPP,billion US$2010/yr,2404.244467,3093.048341,3922.651216,4589.642673,5626.874049,7111.191019,9070.829595,11313.38216,13670.27642,15956.30777,20579.52665,25581.29512,30633.90712,35588.81733,40391.6794
IMAGE 3.4,SSP5,STAN,GDP|PPP,billion US$2010/yr,396.3017265,558.1068824,749.3667056,883.0067066,1108.39576,1337.227164,1659.248345,2063.048377,2512.082794,2963.688595,3935.369402,5090.915036,6392.624745,7883.168426,9614.276671
IMAGE 3.4,SSP5,TUR,GDP|PPP,billion US$2010/yr,902.9218895,1055.325521,1485.149263,1744.628433,2266.532453,2757.850436,3348.420003,3978.267553,4599.943357,5168.069019,6266.177414,7327.199237,8281.745502,9158.743476,9994.996307
IMAGE 3.4,SSP5,UKR,GDP|PPP,billion US$2010/yr,495.0666119,560.6467266,516.5120364,550.5836618,494.1191778,586.9699527,732.7094981,929.380473,1146.800005,1356.654668,1795.929019,2297.098207,2845.007614,3449.11914,4118.567314
IMAGE 3.4,SSP5,USA,GDP|PPP,billion US$2010/yr,14435.27041,15159.61013,16846.45475,17809.75584,20312.03124,22394.81394,25046.24588,28307.22041,31948.07404,35656.13417,43758.59887,53214.44493,63719.68423,74886.02797,85792.22156
IMAGE 3.4,SSP5,WAF,GDP|PPP,billion US$2010/yr,970.1588813,1301.958924,1659.079858,1783.525631,2155.218917,2668.449382,3546.579166,4815.483166,6600.673787,8912.20047,15497.85811,25564.16842,39781.52236,58717.04385,83005.75351
IMAGE 3.4,SSP5,WEU,GDP|PPP,billion US$2010/yr,14042.31046,14607.17997,15378.38878,15502.30097,17624.86386,19042.15012,21068.76045,23933.70928,27455.91141,31220.89898,39464.47938,48651.50809,58016.32041,66555.34718,73274.25761
IMAGE 3.4,SSP5,World,GDP|PPP,billion US$2010/yr,73248.74498,87802.51003,104493.2181,115669.4319,139242.1391,163602.4495,195659.5623,235979.6367,283395.2358,333420.8781,443684.2099,572017.5506,710280.2571,853886.563,1000194.716
IMAGE 3.4,SSP1,BRA,Population,million,186.7973022,196.3535004,205.1882019,213.1963043,218.2082062,221.8905029,224.0632019,224.6932983,224.1932983,222.4627075,215.5982971,204.7622986,191.1417999,176.1082001,159.7445984
IMAGE 3.4,SSP1,CAN,Population,million,32.21591949,33.96340942,35.73212051,37.88871002,38.77703857,39.60580826,40.39009094,41.10802078,41.80010986,42.49365997,43.48471069,44.1212883,44.37397003,43.50960922,41.06740189
IMAGE 3.4,SSP1,CEU,Population,million,125.3155975,123.6036987,122.0224991,120.3700027,119.422699,116.9263,114.3472977,111.8136978,109.4266968,107.1710968,102.3727036,96.89687347,91.097229,85.45448303,80.02899933
IMAGE 3.4,SSP1,CHN,Population,million,1337.668945,1381.666992,1428.207031,1460.223022,1462.588989,1452.930054,1436.802979,1415.592041,1388.511963,1353.371948,1258.5,1148.182983,1039.188965,929.9866943,831.3027954
IMAGE 3.4,SSP1,EAF,Population,million,230.5702972,266.7338867,304.542511,346.5701904,391.2627869,430.4453125,467.4350891,501.4707031,533.7753296,563.4987183,609.4857788,637.7686768,648.6353149,643.1300049,623.4885864
IMAGE 3.4,SSP1,INDIA,Population,million,1154.639038,1240.614014,1322.865967,1396.386963,1452.156982,1498.274048,1531.188965,1550.791016,1560.046997,1558.514038,1528.807983,1467.608032,1379.380981,1269.491943,1147.276001
IMAGE 3.4,SSP1,INDO,Population,million,235.3040009,251.5993958,267.7741089,281.607605,292.5307007,301.7643127,308.5078125,312.6029053,314.7544861,314.8641052,309.6608887,297.9016113,282.0458984,263.6296082,242.8684998
IMAGE 3.4,SSP1,JAP,Population,million,127.7984009,128.1053925,127.2509003,125.2447968,122.1820984,119.3755035,116.4533005,113.4309998,110.3877029,107.4356995,101.7814026,95.46289825,87.86376953,80.02239227,71.97602081
IMAGE 3.4,SSP1,KOR,Population,million,71.99054718,73.4994812,76.25241852,77.7121582,77.94129944,77.64086914,76.89572906,75.76418304,74.3391037,72.74378967,68.12267303,62.3340683,56.69705963,51.21464157,45.50407028
IMAGE 3.4,SSP1,ME,Population,million,194.5422974,223.6141052,249.1999054,271.6984863,293.1654053,311.8823853,328.5280151,343.0900879,356.0575867,366.8210144,380.4926147,383.3630981,377.6036987,365.6004028,348.6133118
IMAGE 3.4,SSP1,MEX,Population,million,105.4423981,112.532402,120.1499023,125.9982986,130.8132019,135.0883026,138.4492035,140.8278046,142.4602051,143.2557068,142.4971008,139.3150024,134.5128021,128.2987061,120.0344009
IMAGE 3.4,SSP1,NAF,Population,million,159.0294037,173.3739929,190.1893005,206.9772949,223.1284027,236.5207977,248.3551941,258.8431091,268.3233032,276.1723022,285.5963135,287.3074951,283.7755127,276.6292114,266.3449097
IMAGE 3.4,SSP1,OCE,Population,million,27.06055069,29.28428078,31.49578094,33.97079086,35.36203003,36.65269089,37.83121109,38.90996933,39.95223999,40.95917892,42.55649948,43.53863144,43.89976883,43.11721039,41.04455948
IMAGE 3.4,SSP1,RCAM,Population,million,79.70300293,84.59204102,89.41996765,93.91255188,98.25356293,101.5914001,104.126297,105.8389969,106.9392014,107.3695984,106.2269974,103.1596985,98.6844635,92.96073914,86.11367035
IMAGE 3.4,SSP1,RSAF,Population,million,122.5518036,140.2122955,162.6961975,188.7559052,215.7256927,240.1938019,263.8084106,286.0726013,307.5729065,327.8705139,360.4802856,382.3877869,393.8760986,394.317688,385.0463867
IMAGE 3.4,SSP1,RSAM,Population,million,185.7019043,196.7216034,207.9427948,218.3300018,226.4662933,233.285202,238.4990997,241.9519958,244.1275024,244.9568024,242.5861969,235.7731934,225.5939026,212.5135956,196.5811005
IMAGE 3.4,SSP1,RSAS,Population,million,386.6252136,419.9324951,452.6787109,485.9406128,527.0872803,562.6467896,593.8859863,620.2512817,643.3637695,662.7841797,687.6671753,695.4470825,687.7960205,666.8894043,636.1890259
IMAGE 3.4,SSP1,RUS,Population,million,159.4647064,159.2628937,161.1815948,162.4738007,162.1045074,160.3856964,158.7976074,157.546402,156.6970978,155.9559021,153.2973022,149.1096954,143.9375,138.1436005,132.3139038
IMAGE 3.4,SSP1,SAF,Population,million,49.01715088,51.78491974,55.87649918,58.80192947,61.18009949,63.71620178,65.68538666,67.09889221,68.12934113,68.85414124,68.73513031,66.85430908,63.48405075,58.99440002,53.95981979
IMAGE 3.4,SSP1,SEAS,Population,million,333.6528931,355.7619934,377.5521851,398.3063965,416.4255066,429.7273865,439.3164978,445.2969055,448.8132935,449.7752991,443.5397034,428.4667969,407.1888123,380.9993896,351.2286987
IMAGE 3.4,SSP1,STAN,Population,million,59.23770905,63.61558914,68.99079895,74.72441864,80.52439117,85.04560089,88.82737732,92.09137726,95.02281952,97.31951904,99.2857666,98.73607635,96.70619202,93.51596069,89.69460297
IMAGE 3.4,SSP1,TUR,Population,million,68.70471191,73.19534302,79.6461792,84.13542938,87.41957092,90.12593079,92.25406647,93.91651917,95.18963623,95.91432953,95.60343933,93.34599304,89.79972839,85.36605835,80.41412354
IMAGE 3.4,SSP1,UKR,Population,million,60.84915924,59.09262848,57.96055984,56.62825012,48.64838028,48.99961853,48.82310867,48.23590088,47.39801025,46.44409943,44.28123093,41.90370178,39.39963913,36.86965179,34.47148895
IMAGE 3.4,SSP1,USA,Population,million,296.8427124,311.1828003,324.6077881,335.9419861,342.5757141,350.3163147,357.8261108,364.7073975,371.0184021,376.7114868,384.5351868,389.940094,393.0914917,390.7416077,380.5638123
IMAGE 3.4,SSP1,WAF,Population,million,366.5368042,422.9111938,487.5484009,559.2609253,638.4910889,709.9835815,780.6082764,849.0739746,917.1555176,982.0371704,1091.161011,1172.378052,1225.020996,1245.06604,1231.55896
IMAGE 3.4,SSP1,WEU,Population,million,397.7134094,409.1817932,416.3770142,422.648407,425.2723083,427.0013123,428.9356079,431.0899963,433.584198,436.1416016,437.005188,433.1473999,427.0575867,413.3471985,389.9852905
IMAGE 3.4,SSP1,World,Population,million,6554.975098,6982.39209,7423.350098,7837.705078,8187.713867,8482.015625,8730.642578,8932.110352,9099.041992,9221.898438,9303.362305,9199.212891,8951.853516,8565.918945,8067.415039
IMAGE 3.4,SSP2,BRA,Population,million,186.7973022,196.3535004,205.1882019,213.1963043,218.2082062,222.8807068,226.272995,228.3199005,229.0605927,228.4900055,224.1914063,216.3029938,205.7243042,194.0016022,182.5518036
IMAGE 3.4,SSP2,CAN,Population,million,32.21591949,33.96340942,35.73212051,37.88871002,38.77703857,39.57929993,40.32471848,41.00408936,41.64841843,42.31676102,43.42338181,44.37696838,45.00139999,44.99462891,44.44351959
IMAGE 3.4,SSP2,CEU,Population,million,125.3155975,123.6036987,122.0224991,120.3700027,119.422699,116.7490005,113.9517975,111.2076035,108.5998001,106.1836014,101.3702011,96.22675323,91.24186707,87.05667114,83.55123138
IMAGE 3.4,SSP2,CHN,Population,million,1337.668945,1381.666992,1428.207031,1460.223022,1462.588989,1452.331055,1434.583008,1410.909058,1379.869019,1339.848999,1235.235962,1121.708984,1014.773987,913.8505859,825.182373
IMAGE 3.4,SSP2,EAF,Population,million,230.5702972,266.7338867,304.542511,346.5701904,391.2627869,438.1987915,485.821991,532.9915161,579.1057739,623.6470947,704.2542114,769.1141968,814.4675293,842.5366821,855.8074951
IMAGE 3.4,SSP2,INDIA,Population,million,1154.639038,1240.614014,1322.865967,1396.386963,1452.156982,1508.661987,1555.218994,1591.003052,1615.120972,1627.843018,1630.067017,1602.041992,1546.604004,1475.043945,1398.036011
IMAGE 3.4,SSP2,INDO,Population,million,235.3040009,251.5993958,267.7741089,281.607605,292.5307007,303.4419861,312.4663086,319.3667908,324.1546936,326.8869934,327.9053955,323.8526917,315.9213867,304.6210022,290.9360962
IMAGE 3.4,SSP2,JAP,Population,million,127.7984009,128.1053925,127.2509003,125.2447968,122.1820984,119.0644989,115.7751999,112.3983002,109.0036011,105.7301025,99.49688721,92.73415375,85.94380951,80.22128296,74.86277008
IMAGE 3.4,SSP2,KOR,Population,million,71.99054718,73.4994812,76.25241852,77.7121582,77.94129944,77.5560379,76.67292023,75.346138,73.63552856,71.7155838,66.53373718,60.67470932,55.28342819,50.27307129,45.45682144
IMAGE 3.4,SSP2,ME,Population,million,194.5422974,223.6141052,249.1999054,271.6984863,293.1654053,314.2762146,334.3001099,353.0837097,370.2580872,385.2683105,408.0495911,420.2930908,424.1488037,422.9559937,418.0466003
IMAGE 3.4,SSP2,MEX,Population,million,105.4423981,112.532402,120.1499023,125.9982986,130.8132019,136.0372925,140.6584015,144.544693,147.6110992,149.8791962,152.5444946,153.0653992,151.8063965,149.348999,146.1867981
IMAGE 3.4,SSP2,NAF,Population,million,159.0294037,173.3739929,190.1893005,206.9772949,223.1284027,238.4927063,253.177002,267.4450073,280.887085,292.9934082,311.9356995,323.6206055,330.4995117,333.8548889,333.1799927
IMAGE 3.4,SSP2,OCE,Population,million,27.06055069,29.28428078,31.49578094,33.97079086,35.36203003,36.69166946,37.92327881,39.07962036,40.19897079,41.30271149,43.21549988,44.66500092,45.63375092,45.97201157,45.7674408
IMAGE 3.4,SSP2,RCAM,Population,million,79.70300293,84.59204102,89.41996765,93.91255188,98.25356293,102.4878006,106.1650009,109.2017975,111.5600967,113.2670975,114.8802032,114.7261963,113.0706024,110.202301,106.6744003
IMAGE 3.4,SSP2,RSAF,Population,million,122.5518036,140.2122955,162.6961975,188.7559052,215.7256927,244.1009064,273.4360962,303.1957092,332.8346863,361.7029114,414.7268066,458.9555969,492.0906982,511.8190918,520.9326172
IMAGE 3.4,SSP2,RSAM,Population,million,185.7019043,196.7216034,207.9427948,218.3300018,226.4662933,234.7232971,241.8385925,247.5802002,251.9438934,255.0124969,257.6777954,256.3222961,251.5482025,244.1181946,235.2588043
IMAGE 3.4,SSP2,RSAS,Population,million,386.6252136,419.9324951,452.6787109,485.9406128,527.0872803,568.2880249,607.8713989,645.0831299,679.52948,711.382019,765.307373,803.6409302,824.9821777,832.2866211,830.6553955
IMAGE 3.4,SSP2,RUS,Population,million,159.4647064,159.2628937,161.1815948,162.4738007,162.1045074,160.1748962,158.3535004,156.9438934,155.9763031,155.216507,152.9118042,149.6157074,146.1656036,142.8224945,139.0596008
IMAGE 3.4,SSP2,SAF,Population,million,49.01715088,51.78491974,55.87649918,58.80192947,61.18009949,63.6404686,65.62947083,67.16536713,68.25153351,68.81548309,68.7493515,67.41512299,65.11174011,62.29383087,59.14836884
IMAGE 3.4,SSP2,SEAS,Population,million,333.6528931,355.7619934,377.5521851,398.3063965,416.4255066,432.5242004,445.800293,456.2029114,463.9700012,469.2492065,472.565094,468.0481873,457.5463867,442.514801,425.2062988
IMAGE 3.4,SSP2,STAN,Population,million,59.23770905,63.61558914,68.99079895,74.72441864,80.52439117,85.69445038,90.41825867,94.97200775,99.31400299,103.1791,108.5867004,111.5957031,113.2947006,113.892601,113.5429993
IMAGE 3.4,SSP2,TUR,Population,million,68.70471191,73.19534302,79.6461792,84.13542938,87.41957092,90.29688263,92.62602997,94.51043701,95.92542267,96.73636627,96.60603333,94.66034698,91.71874237,88.14672852,84.28180695
IMAGE 3.4,SSP2,UKR,Population,million,60.84915924,59.09262848,57.96055984,56.62825012,48.64838028,48.89017105,48.58797073,47.89144135,46.9529686,45.93431091,43.78741837,41.65771866,39.68133926,37.89139938,36.14159012
IMAGE 3.4,SSP2,USA,Population,million,296.8427124,311.1828003,324.6077881,335.9419861,342.5757141,350.2858887,357.8460999,364.9664001,371.5072937,377.6476135,387.9917908,397.6579895,404.928009,407.3167114,406.1722107
IMAGE 3.4,SSP2,WAF,Population,million,366.5368042,422.9111938,487.5484009,559.2609253,638.4910889,724.5219116,816.2539063,912.7124023,1012.06897,1112.370972,1306.426025,1483.630005,1634.887939,1750.897949,1825.953003
IMAGE 3.4,SSP2,WEU,Population,million,397.7134094,409.1817932,416.3770142,422.648407,425.2723083,426.4424133,427.8089905,429.519989,431.4852905,433.5968018,434.8951111,434.0024109,433.2597961,430.697113,425.1838074
IMAGE 3.4,SSP2,World,Population,million,6554.975098,6982.39209,7423.350098,7837.705078,8187.713867,8536.033203,8859.782227,9156.644531,9420.473633,9646.216797,9973.334961,10150.61035,10195.33984,10119.62988,9952.219727
IMAGE 3.4,SSP3,BRA,Population,million,186.7973022,196.3535004,205.1882019,213.1963043,218.2082062,223.8556061,228.6150055,232.3515015,234.6770935,235.7982025,235.7373047,233.2886963,229.5518036,226.482605,225.539505
IMAGE 3.4,SSP3,CAN,Population,million,32.21591949,33.96340942,35.73212051,37.88871002,38.77703857,39.3345108,39.82563019,40.24575043,40.58847046,40.96060181,41.65246964,42.60876083,43.65011978,44.62326813,45.74077988
IMAGE 3.4,SSP3,CEU,Population,million,125.3155975,123.6036987,122.0224991,120.3700027,119.422699,117.0432968,114.561203,112.206398,109.9672012,107.9886017,104.4103012,101.1948013,99.34259796,99.28069305,100.2664032
IMAGE 3.4,SSP3,CHN,Population,million,1337.668945,1381.666992,1428.207031,1460.223022,1462.588989,1455.618042,1442.495972,1424.609985,1398.203003,1361.969971,1268.734985,1177.947998,1099.777954,1036.536987,990.8826294
IMAGE 3.4,SSP3,EAF,Population,million,230.5702972,266.7338867,304.542511,346.5701904,391.2627869,442.9375,499.0357056,558.7650146,619.6779785,682.0582886,809.5582275,931.3502808,1037.490967,1132.926025,1218.723999
IMAGE 3.4,SSP3,INDIA,Population,million,1154.639038,1240.614014,1322.865967,1396.386963,1452.156982,1517.870972,1578.354004,1632.093018,1674.244995,1706.487061,1759.938965,1796.131958,1813.33606,1830.635986,1859.296997
IMAGE 3.4,SSP3,INDO,Population,million,235.3040009,251.5993958,267.7741089,281.607605,292.5307007,305.094696,316.4324036,326.247406,333.9855957,339.990509,349.6766968,356.8039856,362.1542969,366.5914001,370.8418884
IMAGE 3.4,SSP3,JAP,Population,million,127.7984009,128.1053925,127.2509003,125.2447968,122.1820984,118.7918015,115.2517014,111.7180023,108.1667023,104.7550964,98.31867218,92.10237122,87.16046906,83.57633972,80.82978058
IMAGE 3.4,SSP3,KOR,Population,million,71.99054718,73.4994812,76.25241852,77.7121582,77.94129944,77.64074707,76.8405838,75.5807724,73.84062958,71.88680267,66.79921722,61.58182144,57.38899994,54.10015106,51.4362793
IMAGE 3.4,SSP3,ME,Population,million,194.5422974,223.6141052,249.1999054,271.6984863,293.1654053,315.9309998,338.8817139,361.9180908,383.7142944,403.9312134,439.8280029,468.8517151,493.9324951,518.8475952,542.8046265
IMAGE 3.4,SSP3,MEX,Population,million,105.4423981,112.532402,120.1499023,125.9982986,130.8132019,137.1782074,143.3908997,149.2583008,154.3386993,158.8623047,167.316803,174.9933929,182.0041962,189.0841064,196.8692932
IMAGE 3.4,SSP3,NAF,Population,million,159.0294037,173.3739929,190.1893005,206.9772949,223.1284027,240.4748993,258.2094116,276.7408142,294.9664001,312.584198,345.3391113,373.6622925,400.4072876,426.3927917,449.6174011
IMAGE 3.4,SSP3,OCE,Population,million,27.06055069,29.28428078,31.49578094,33.97079086,35.36203003,36.5947113,37.76047897,38.8906517,39.97216034,41.06156921,43.13661957,45.14532852,47.04483032,48.83190918,50.76100159
IMAGE 3.4,SSP3,RCAM,Population,million,79.70300293,84.59204102,89.41996765,93.91255188,98.25356293,103.5414963,108.6400986,113.418602,117.5526962,121.1886978,127.413002,132.6945038,137.0361938,140.9515076,145.1477051
IMAGE 3.4,SSP3,RSAF,Population,million,122.5518036,140.2122955,162.6961975,188.7559052,215.7256927,245.8356934,279.0297852,315.1625977,352.6559143,391.244812,470.3853149,547.0974121,615.8126221,671.9589233,719.4254761
IMAGE 3.4,SSP3,RSAM,Population,million,185.7019043,196.7216034,207.9427948,218.3300018,226.4662933,236.3527985,245.7590027,254.3722992,261.6549988,267.928894,278.5400085,286.8836975,293.4370117,299.3984985,306.267395
IMAGE 3.4,SSP3,RSAS,Population,million,386.6252136,419.9324951,452.6787109,485.9406128,527.0872803,574.9246826,624.1304932,674.0458984,722.6110229,770.9984741,867.4893188,956.0291138,1031.463989,1099.079956,1164.177979
IMAGE 3.4,SSP3,RUS,Population,million,159.4647064,159.2628937,161.1815948,162.4738007,162.1045074,159.887207,157.8052063,156.3041992,155.3054962,154.6735992,153.1708069,152.0139008,153.0045013,155.8630066,159.0596008
IMAGE 3.4,SSP3,SAF,Population,million,49.01715088,51.78491974,55.87649918,58.80192947,61.18009949,63.39059067,65.32788849,67.0038681,68.27036285,69.0788269,69.97669983,70.17976379,69.88374329,69.48007965,68.96573639
IMAGE 3.4,SSP3,SEAS,Population,million,333.6528931,355.7619934,377.5521851,398.3063965,416.4255066,435.0078125,451.9291077,467.103302,479.8898926,490.759613,507.8590088,520.7263794,531.6156006,542.2874146,554.5042114
IMAGE 3.4,SSP3,STAN,Population,million,59.23770905,63.61558914,68.99079895,74.72441864,80.52439117,86.62394714,92.62064362,98.85713196,105.1044998,111.1810989,121.8199005,130.637207,138.983902,146.7460022,153.5088043
IMAGE 3.4,SSP3,TUR,Population,million,68.70471191,73.19534302,79.6461792,84.13542938,87.41957092,90.81828308,93.87579346,96.69190216,99.03019714,100.8041992,103.0498962,104.3103027,105.3392029,106.4878006,108.2064972
IMAGE 3.4,SSP3,UKR,Population,million,60.84915924,59.09262848,57.96055984,56.62825012,48.64838028,48.8123703,48.42602921,47.67975998,46.68708038,45.64368057,43.55915833,41.84983063,40.92979813,40.72624969,40.80699158
IMAGE 3.4,SSP3,USA,Population,million,296.8427124,311.1828003,324.6077881,335.9419861,342.5757141,349.2312927,356.0481873,362.8440857,368.9613037,374.9572144,387.5107117,404.2565002,422.9081116,441.6711121,462.8122864
IMAGE 3.4,SSP3,WAF,Population,million,366.5368042,422.9111938,487.5484009,559.2609253,638.4910889,733.3474731,840.6459961,960.7324829,1088.422974,1223.380005,1510.223999,1805.020996,2089.504883,2348.263916,2567.429932
IMAGE 3.4,SSP3,WEU,Population,million,397.7134094,409.1817932,416.3770142,422.648407,425.2723083,424.7756042,424.6218872,425.0929871,425.5703125,426.2658997,426.6242065,430.292511,439.134491,450.7325134,464.6885986
IMAGE 3.4,SSP3,World,Population,million,6554.975098,6982.39209,7423.350098,7837.705078,8187.713867,8580.915039,8978.515625,9379.935547,9758.05957,10116.44043,10798.07031,11437.66016,12022.2998,12571.55957,13098.61035
IMAGE 3.4,SSP5,BRA,Population,million,186.7973022,196.3535004,205.1882019,213.1963043,218.2082062,221.8582001,224.0012054,224.6062927,224.0877075,222.3457031,215.4821014,204.6779022,191.1125031,176.1434937,159.8417053
IMAGE 3.4,SSP5,CAN,Population,million,32.21591949,33.96340942,35.73212051,37.88871002,38.77703857,40.20352173,41.65467834,43.10253906,44.57843018,46.09468842,48.71026993,50.71212006,52.01311111,51.83771133,49.60083008
IMAGE 3.4,SSP5,CEU,Population,million,125.3155975,123.6036987,122.0224991,120.3700027,119.422699,116.5351028,113.6962967,111.035202,108.6412964,106.4847031,102.108902,97.23670959,92.05962372,86.8970871,81.67140198
IMAGE 3.4,SSP5,CHN,Population,million,1337.668945,1381.666992,1428.207031,1460.223022,1462.588989,1451.740967,1434.463013,1412.170044,1384.093994,1348.067017,1251.80603,1140.764038,1031.626953,922.7893066,824.7296753
IMAGE 3.4,SSP5,EAF,Population,million,230.5702972,266.7338867,304.542511,346.5701904,391.2627869,428.9884033,464.1846008,496.1730042,526.2363281,553.5803833,594.553772,618.328186,625.8886108,618.6309204,598.8513184
IMAGE 3.4,SSP5,INDIA,Population,million,1154.639038,1240.614014,1322.865967,1396.386963,1452.156982,1497.680054,1529.942993,1548.890015,1557.515015,1555.389038,1524.629028,1462.740967,1374.28894,1264.58606,1142.827026
IMAGE 3.4,SSP5,INDO,Population,million,235.3040009,251.5993958,267.7741089,281.607605,292.5307007,301.7240906,308.4244995,312.4775085,314.5909119,314.6690979,309.4273071,297.6593933,281.8151855,263.4189148,242.6855927
IMAGE 3.4,SSP5,JAP,Population,million,127.7984009,128.1053925,127.2509003,125.2447968,122.1820984,119.7398987,117.2292023,114.6601028,112.1051025,109.6677017,105.0855026,99.71064758,92.83889008,85.41242981,77.3808136
IMAGE 3.4,SSP5,KOR,Population,million,71.99054718,73.4994812,76.25241852,77.7121582,77.94129944,77.60929871,76.84796906,75.72387695,74.33429718,72.80317688,68.38729858,62.8429985,57.45220947,52.18470001,46.63148117
IMAGE 3.4,SSP5,ME,Population,million,194.5422974,223.6141052,249.1999054,271.6984863,293.1654053,312.9277039,330.5332947,345.9789124,359.7556152,371.2637939,386.3244019,390.3297119,385.4765015,374.0129089,356.9862976
IMAGE 3.4,SSP5,MEX,Population,million,105.4423981,112.532402,120.1499023,125.9982986,130.8132019,134.5092926,137.2559052,139.0110016,140.0249939,140.2183075,138.3278961,134.3146057,129.047699,122.7248001,114.7894974
IMAGE 3.4,SSP5,NAF,Population,million,159.0294037,173.3739929,190.1893005,206.9772949,223.1284027,236.1118011,247.476593,257.4556885,266.3989868,273.6960144,282.0215149,282.8403015,278.697113,271.2427979,260.979187
IMAGE 3.4,SSP5,OCE,Population,million,27.06055069,29.28428078,31.49578094,33.97079086,35.36203003,37.07857895,38.7334404,40.33090973,41.92258072,43.49671173,46.21210098,48.15280151,49.28641129,49.06787109,47.2743187
IMAGE 3.4,SSP5,RCAM,Population,million,79.70300293,84.59204102,89.41996765,93.91255188,98.25356293,100.8555984,102.6537018,103.6561966,104.0843964,103.891098,101.6707993,97.90894318,93.13709259,87.48465729,81.04429626
IMAGE 3.4,SSP5,RSAF,Population,million,122.5518036,140.2122955,162.6961975,188.7559052,215.7256927,239.6327972,262.5346985,283.9544983,304.490387,323.7166138,353.968811,373.7261047,383.5997925,383.1770935,373.9046021
IMAGE 3.4,SSP5,RSAM,Population,million,185.7019043,196.7216034,207.9427948,218.3300018,226.4662933,232.6307068,237.1542969,239.9125977,241.4051056,241.5756989,237.995697,230.3435974,219.773407,206.7375946,191.2767944
IMAGE 3.4,SSP5,RSAS,Population,million,386.6252136,419.9324951,452.6787109,485.9406128,527.0872803,558.8980103,585.8496704,607.5856934,625.8259888,640.1862793,654.6514893,653.7744751,640.4766235,617.2368164,587.5059204
IMAGE 3.4,SSP5,RUS,Population,million,159.4647064,159.2628937,161.1815948,162.4738007,162.1045074,161.3533936,160.9311066,161.0079041,161.6067963,162.4019012,162.949707,161.5986023,158.5570984,153.9954987,148.3190002
IMAGE 3.4,SSP5,SAF,Population,million,49.01715088,51.78491974,55.87649918,58.80192947,61.18009949,63.71728134,65.69052887,67.10720062,68.14045715,68.86858368,68.77625275,66.96450806,63.69977951,59.33086014,54.40380859
IMAGE 3.4,SSP5,SEAS,Population,million,333.6528931,355.7619934,377.5521851,398.3063965,416.4255066,429.5625916,438.9740906,444.8005981,448.2020874,449.0910034,442.8478088,427.9978027,407.1642151,381.5647888,352.3948975
IMAGE 3.4,SSP5,STAN,Population,million,59.23770905,63.61558914,68.99079895,74.72441864,80.52439117,84.49188232,87.68002319,90.32214355,92.60727692,94.25003815,94.98219299,93.56459045,91.07369995,87.79598236,84.20883942
IMAGE 3.4,SSP5,TUR,Population,million,68.70471191,73.19534302,79.6461792,84.13542938,87.41957092,89.97525024,91.94522858,93.45018005,94.57021332,95.14967346,94.58492279,92.1710434,88.58220673,84.21827698,79.42623138
IMAGE 3.4,SSP5,UKR,Population,million,60.84915924,59.09262848,57.96055984,56.62825012,48.64838028,49.1448288,49.17020035,48.83819962,48.30300903,47.69755173,46.32413101,44.69226837,42.77970886,40.61075974,38.2597084
IMAGE 3.4,SSP5,USA,Population,million,296.8427124,311.1828003,324.6077881,335.9419861,342.5757141,354.2706909,366.1957092,377.8757019,389.2999878,400.3384094,418.9565125,433.7059937,444.1289978,446.6109009,438.3400879
IMAGE 3.4,SSP5,WAF,Population,million,366.5368042,422.9111938,487.5484009,559.2609253,638.4910889,708.9246826,778.0626221,844.6555176,910.5001831,972.8276978,1076.136963,1151.738037,1199.926025,1217.321045,1203.267944
IMAGE 3.4,SSP5,WEU,Population,million,397.7134094,409.1817932,416.3770142,422.648407,425.2723083,431.0664063,437.6353149,444.9085999,452.9220886,461.3241882,474.145813,480.8487854,483.1618042,474.9927063,453.2347107
IMAGE 3.4,SSP5,World,Population,million,6554.975098,6982.39209,7423.350098,7837.705078,8187.713867,8481.230469,8728.920898,8929.69043,9096.244141,9219.094727,9301.067383,9199.344727,8957.664063,8580.025391,8089.835938
