Model,Scenario,Region,Variable,Unit,2010,2020,2030,2040,2050,2060,2070,2080,2090,2100
IMAGE,SSP1-Ref-SPA0-V17,BRA,GDP|PPP,billion US$2005/yr,1967.5780029296875,2679.717041015625,3829.077880859375,5331.47705078125,6912.48681640625,8386.9873046875,9572.494140625,10475.83984375,11043.6201171875,11245.4404296875
IMAGE,SSP2-Ref-SPA0-V17,BRA,GDP|PPP,billion US$2005/yr,1967.5780029296875,2697.052001953125,3618.302978515625,4491.94482421875,5378.43505859375,6285.5498046875,7175.703125,8083.65283203125,8970.669921875,9881.1103515625
IMAGE,SSP3-Ref-SPA0-V17,BRA,GDP|PPP,billion US$2005/yr,1967.5780029296875,2714.888916015625,3464.89697265625,3888.867919921875,4152.0439453125,4333.23876953125,4462.93896484375,4575.6728515625,4633.923828125,4679.27294921875
IMAGE,SSP4-Ref-SPA0-V17,BRA,GDP|PPP,billion US$2005/yr,1967.5780029296875,2790.748046875,3693.736083984375,4542.9619140625,5332.31396484375,6085.60302734375,6724.84814453125,7269.02783203125,7699.10498046875,8076.18701171875
IMAGE,SSP5-Ref-SPA0-V17,BRA,GDP|PPP,billion US$2005/yr,1967.5780029296875,2800.527099609375,4239.0771484375,6409.9267578125,8867.890625,11398.099609375,13753.23046875,15917.759765625,17790.919921875,19261.359375
IMAGE,SSP1-Ref-SPA0-V17,CAN,GDP|PPP,billion US$2005/yr,1203.06298828125,1542.4949951171875,1851.198974609375,2244.885009765625,2687.986083984375,3166.47802734375,3734.385986328125,4314.2158203125,4846.68701171875,5334.87890625
IMAGE,SSP2-Ref-SPA0-V17,CAN,GDP|PPP,billion US$2005/yr,1203.06298828125,1536.52197265625,1867.406005859375,2252.552978515625,2655.68408203125,3077.31005859375,3586.656982421875,4136.48681640625,4689.546875,5252.43701171875
IMAGE,SSP3-Ref-SPA0-V17,CAN,GDP|PPP,billion US$2005/yr,1203.06298828125,1493.1669921875,1720.634033203125,2010.5889892578125,2284.490966796875,2472.361083984375,2628.7958984375,2722.074951171875,2767.217041015625,2794.239013671875
IMAGE,SSP4-Ref-SPA0-V17,CAN,GDP|PPP,billion US$2005/yr,1203.06298828125,1523.1419677734375,1847.4200439453125,2265.341064453125,2677.532958984375,3082.4189453125,3543.9970703125,3985.824951171875,4374.658203125,4703.59423828125
IMAGE,SSP5-Ref-SPA0-V17,CAN,GDP|PPP,billion US$2005/yr,1203.06298828125,1577.68896484375,2116.1240234375,3024.2919921875,4189.8740234375,5568.7470703125,7307.04296875,9402.4453125,11783.01953125,14508.1201171875
IMAGE,SSP1-Ref-SPA0-V17,CEU,GDP|PPP,billion US$2005/yr,1929.6700439453125,2494.39501953125,3343.69091796875,4271.47607421875,4999.4658203125,5605.962890625,6188.3759765625,6600.7021484375,6882.826171875,7105.86181640625
IMAGE,SSP2-Ref-SPA0-V17,CEU,GDP|PPP,billion US$2005/yr,1929.6700439453125,2480.989013671875,3181.594970703125,3868.241943359375,4465.2939453125,5049.52490234375,5680.4970703125,6237.291015625,6751.90087890625,7286.35986328125
IMAGE,SSP3-Ref-SPA0-V17,CEU,GDP|PPP,billion US$2005/yr,1929.6700439453125,2451.987060546875,2978.552001953125,3326.949951171875,3499.26904296875,3604.68408203125,3715.615966796875,3756.68896484375,3771.77001953125,3804.64501953125
IMAGE,SSP4-Ref-SPA0-V17,CEU,GDP|PPP,billion US$2005/yr,1929.6700439453125,2522.2099609375,3282.43505859375,4022.93505859375,4580.9951171875,5064.8759765625,5523.5341796875,5817.3408203125,6017.4541015625,6195.48291015625
IMAGE,SSP5-Ref-SPA0-V17,CEU,GDP|PPP,billion US$2005/yr,1929.6700439453125,2574.402099609375,3668.660888671875,5027.6318359375,6332.830078125,7718.71484375,9338.0712890625,11021.16015625,12782.919921875,14757.830078125
IMAGE,SSP1-Ref-SPA0-V17,CHN,GDP|PPP,billion US$2005/yr,11527.8203125,24734.439453125,45782.76171875,67099.5625,81580.796875,87213.828125,87514.3671875,84051.140625,78791.7109375,72480.46875
IMAGE,SSP2-Ref-SPA0-V17,CHN,GDP|PPP,billion US$2005/yr,11527.8203125,24533.529296875,40232.53125,52206.109375,61015.5,66057.09375,69254.7265625,70782.421875,71166.25,71139.328125
IMAGE,SSP3-Ref-SPA0-V17,CHN,GDP|PPP,billion US$2005/yr,11527.8203125,24457.380859375,37272.80078125,43387.48046875,46037.08984375,46124.0,45852.359375,45340.48046875,44771.359375,44581.359375
IMAGE,SSP4-Ref-SPA0-V17,CHN,GDP|PPP,billion US$2005/yr,11527.8203125,25287.75,41693.73046875,54390.62109375,62703.01953125,66010.09375,66376.15625,64245.33984375,60903.37109375,57257.58984375
IMAGE,SSP5-Ref-SPA0-V17,CHN,GDP|PPP,billion US$2005/yr,11527.8203125,25929.0703125,52864.26953125,83285.4765625,105325.6015625,117069.3984375,122982.203125,124396.296875,123421.203125,120588.8984375
IMAGE,SSP1-Ref-SPA0-V17,EAF,GDP|PPP,billion US$2005/yr,318.4859924316406,525.6732788085938,1059.72900390625,2248.382080078125,4454.07177734375,7959.64013671875,12753.33984375,18488.759765625,24701.099609375,30851.390625
IMAGE,SSP2-Ref-SPA0-V17,EAF,GDP|PPP,billion US$2005/yr,318.4859924316406,533.8118896484375,968.8572998046875,1717.8409423828125,3017.381103515625,5135.64599609375,8381.9130859375,13001.4501953125,19128.94921875,26791.189453125
IMAGE,SSP3-Ref-SPA0-V17,EAF,GDP|PPP,billion US$2005/yr,318.4859924316406,541.6370849609375,903.19970703125,1372.863037109375,2049.4951171875,2989.632080078125,4281.31201171875,5974.8271484375,8068.4501953125,10594.4404296875
IMAGE,SSP4-Ref-SPA0-V17,EAF,GDP|PPP,billion US$2005/yr,318.4859924316406,563.9473266601562,911.3115234375,1291.4090576171875,1775.8509521484375,2382.701904296875,3145.611083984375,4073.577880859375,5155.544921875,6418.45703125
IMAGE,SSP5-Ref-SPA0-V17,EAF,GDP|PPP,billion US$2005/yr,318.4859924316406,550.8037109375,1205.4930419921875,2872.302001953125,6136.80908203125,11558.259765625,19356.419921875,29303.98046875,40988.7109375,53785.23828125
IMAGE,SSP1-Ref-SPA0-V17,INDIA,GDP|PPP,billion US$2005/yr,3599.85205078125,6800.93408203125,13070.3798828125,23351.580078125,36293.7109375,50129.19921875,63098.44921875,73524.3125,81187.7421875,85672.9765625
IMAGE,SSP2-Ref-SPA0-V17,INDIA,GDP|PPP,billion US$2005/yr,3599.85205078125,6857.77783203125,12008.16015625,18739.6796875,27088.390625,36864.8203125,47710.73046875,58899.578125,69978.328125,80649.4765625
IMAGE,SSP3-Ref-SPA0-V17,INDIA,GDP|PPP,billion US$2005/yr,3599.85205078125,6910.623046875,11104.01953125,14935.0302734375,18583.439453125,22119.4609375,25714.859375,29303.380859375,32789.1796875,36331.94921875
IMAGE,SSP4-Ref-SPA0-V17,INDIA,GDP|PPP,billion US$2005/yr,3599.85205078125,6800.84423828125,11538.509765625,17254.509765625,23490.94921875,29897.439453125,35919.4609375,40939.83984375,44976.62109375,48124.078125
IMAGE,SSP5-Ref-SPA0-V17,INDIA,GDP|PPP,billion US$2005/yr,3599.85205078125,6845.1318359375,14188.48046875,27698.869140625,45820.48828125,66799.0234375,88620.9609375,108958.6015625,127299.6015625,142538.90625
IMAGE,SSP1-Ref-SPA0-V17,INDO,GDP|PPP,billion US$2005/yr,949.4943237304688,1741.300048828125,3390.9599609375,6011.27978515625,9050.935546875,12096.400390625,14738.08984375,16712.470703125,18070.990234375,18839.869140625
IMAGE,SSP2-Ref-SPA0-V17,INDO,GDP|PPP,billion US$2005/yr,949.4943237304688,1740.583984375,3024.1669921875,4574.14599609375,6319.119140625,8166.14404296875,10014.6796875,11820.2900390625,13597.009765625,15318.8798828125
IMAGE,SSP3-Ref-SPA0-V17,INDO,GDP|PPP,billion US$2005/yr,949.4943237304688,1746.3599853515625,2825.25,3750.820068359375,4527.18408203125,5142.8310546875,5633.81689453125,6054.1708984375,6434.3369140625,6806.673828125
IMAGE,SSP4-Ref-SPA0-V17,INDO,GDP|PPP,billion US$2005/yr,949.4943237304688,1769.0030517578125,3040.19091796875,4566.43896484375,6160.10595703125,7669.9912109375,8936.380859375,9888.1630859375,10598.9404296875,11089.740234375
IMAGE,SSP5-Ref-SPA0-V17,INDO,GDP|PPP,billion US$2005/yr,949.4943237304688,1797.8480224609375,3797.80908203125,7370.7109375,11792.919921875,16517.119140625,21056.109375,25056.609375,28555.740234375,31500.9296875
IMAGE,SSP1-Ref-SPA0-V17,JAP,GDP|PPP,billion US$2005/yr,3929.5,4331.30322265625,4999.0078125,5726.72900390625,6406.4228515625,7051.9482421875,7587.48681640625,7956.4150390625,8206.5029296875,8370.21484375
IMAGE,SSP2-Ref-SPA0-V17,JAP,GDP|PPP,billion US$2005/yr,3929.5,4300.36181640625,4741.84912109375,5025.4189453125,5294.01611328125,5604.1162109375,5915.93310546875,6195.4658203125,6476.2861328125,6763.0439453125
IMAGE,SSP3-Ref-SPA0-V17,JAP,GDP|PPP,billion US$2005/yr,3929.5,4241.7958984375,4488.55810546875,4406.72900390625,4192.8720703125,3948.43408203125,3676.029052734375,3381.114013671875,3131.930908203125,2919.322998046875
IMAGE,SSP4-Ref-SPA0-V17,JAP,GDP|PPP,billion US$2005/yr,3929.5,4341.84716796875,4967.9189453125,5619.23779296875,6176.93798828125,6670.490234375,7021.01416015625,7166.77978515625,7197.85107421875,7137.7431640625
IMAGE,SSP5-Ref-SPA0-V17,JAP,GDP|PPP,billion US$2005/yr,3929.5,4429.52001953125,5423.623046875,6755.60791015625,8221.671875,9922.0302734375,11818.919921875,13868.4697265625,16076.4501953125,18495.140625
IMAGE,SSP1-Ref-SPA0-V17,KOR,GDP|PPP,billion US$2005/yr,1348.47998046875,1913.092041015625,2615.364013671875,3222.535888671875,3659.6650390625,3952.0869140625,4141.27197265625,4249.3271484375,4286.68896484375,4246.96484375
IMAGE,SSP2-Ref-SPA0-V17,KOR,GDP|PPP,billion US$2005/yr,1348.47998046875,1899.2099609375,2517.635009765625,3013.887939453125,3388.263916015625,3653.032958984375,3828.928955078125,3964.949951171875,4070.302978515625,4136.5908203125
IMAGE,SSP3-Ref-SPA0-V17,KOR,GDP|PPP,billion US$2005/yr,1348.47998046875,1873.10400390625,2370.360107421875,2644.172119140625,2721.385009765625,2656.52294921875,2512.06201171875,2326.39501953125,2117.72705078125,1905.0030517578125
IMAGE,SSP4-Ref-SPA0-V17,KOR,GDP|PPP,billion US$2005/yr,1348.47998046875,1954.1639404296875,2650.055908203125,3223.044921875,3605.053955078125,3831.05908203125,3930.575927734375,3945.94189453125,3904.950927734375,3815.89404296875
IMAGE,SSP5-Ref-SPA0-V17,KOR,GDP|PPP,billion US$2005/yr,1348.47998046875,1994.64501953125,2865.22607421875,3732.114990234375,4532.27001953125,5321.8740234375,6138.15283203125,7017.47314453125,7953.541015625,8924.1865234375
IMAGE,SSP1-Ref-SPA0-V17,ME,GDP|PPP,billion US$2005/yr,2467.22705078125,3657.93310546875,5416.32080078125,7679.783203125,9979.8154296875,12302.0595703125,14668.1396484375,16779.23046875,18702.7109375,20298.44921875
IMAGE,SSP2-Ref-SPA0-V17,ME,GDP|PPP,billion US$2005/yr,2467.22705078125,3703.714111328125,5391.18603515625,7332.69189453125,9372.998046875,11606.4697265625,14161.1796875,16913.08984375,19894.94921875,23090.69921875
IMAGE,SSP3-Ref-SPA0-V17,ME,GDP|PPP,billion US$2005/yr,2467.22705078125,3691.008056640625,5292.2841796875,7098.32177734375,8594.4521484375,9764.490234375,10968.9697265625,12352.3701171875,13988.6796875,15902.2099609375
IMAGE,SSP4-Ref-SPA0-V17,ME,GDP|PPP,billion US$2005/yr,2467.22705078125,3797.805908203125,5693.9609375,8140.703125,10484.900390625,12692.6103515625,15085.9296875,17791.380859375,20961.779296875,24700.3203125
IMAGE,SSP5-Ref-SPA0-V17,ME,GDP|PPP,billion US$2005/yr,2467.22705078125,3850.81201171875,6279.751953125,10097.5,14366.2099609375,18817.130859375,23601.58984375,28439.560546875,33563.48046875,38804.41015625
IMAGE,SSP1-Ref-SPA0-V17,MEX,GDP|PPP,billion US$2005/yr,1412.3170166015625,1922.7349853515625,2688.552001953125,3746.97900390625,4932.6630859375,6129.5751953125,7243.3291015625,8205.298828125,8987.2685546875,9514.251953125
IMAGE,SSP2-Ref-SPA0-V17,MEX,GDP|PPP,billion US$2005/yr,1412.3170166015625,1947.1739501953125,2635.673095703125,3431.93603515625,4363.05908203125,5440.18798828125,6657.22119140625,8011.22705078125,9486.1240234375,11089.830078125
IMAGE,SSP3-Ref-SPA0-V17,MEX,GDP|PPP,billion US$2005/yr,1412.3170166015625,1978.9539794921875,2620.7060546875,3201.02392578125,3738.903076171875,4293.6171875,4895.60595703125,5538.1630859375,6177.537109375,6825.90380859375
IMAGE,SSP4-Ref-SPA0-V17,MEX,GDP|PPP,billion US$2005/yr,1412.3170166015625,1951.93994140625,2603.60888671875,3355.802001953125,4142.412109375,4988.7958984375,5851.9677734375,6683.56005859375,7476.9072265625,8215.5078125
IMAGE,SSP5-Ref-SPA0-V17,MEX,GDP|PPP,billion US$2005/yr,1412.3170166015625,1939.31201171875,2823.2890625,4204.22705078125,5796.15087890625,7498.01318359375,9233.9873046875,10952.8203125,12649.3896484375,14220.76953125
IMAGE,SSP1-Ref-SPA0-V17,NAF,GDP|PPP,billion US$2005/yr,989.4525146484375,1375.7060546875,2325.5390625,3721.1220703125,5327.8779296875,6994.671875,8602.59375,9910.80078125,10956.7099609375,11747.2802734375
IMAGE,SSP2-Ref-SPA0-V17,NAF,GDP|PPP,billion US$2005/yr,989.4525146484375,1386.27099609375,2222.720947265625,3267.06298828125,4518.82080078125,5991.0322265625,7657.3662109375,9384.1630859375,11163.2099609375,12978.9501953125
IMAGE,SSP3-Ref-SPA0-V17,NAF,GDP|PPP,billion US$2005/yr,989.4525146484375,1400.79296875,2144.02294921875,2856.39501953125,3548.6630859375,4319.02978515625,5223.25,6229.22119140625,7322.9599609375,8530.8251953125
IMAGE,SSP4-Ref-SPA0-V17,NAF,GDP|PPP,billion US$2005/yr,989.4525146484375,1509.9129638671875,2368.9970703125,3366.927001953125,4397.62890625,5503.18212890625,6626.51123046875,7613.67578125,8500.6640625,9302.6416015625
IMAGE,SSP5-Ref-SPA0-V17,NAF,GDP|PPP,billion US$2005/yr,989.4525146484375,1516.5030517578125,2708.10888671875,4657.1220703125,7013.94189453125,9641.900390625,12445.33984375,15100.1796875,17669.830078125,20158.130859375
IMAGE,SSP1-Ref-SPA0-V17,OCE,GDP|PPP,billion US$2005/yr,856.299072265625,1170.053955078125,1557.2919921875,2037.1600341796875,2573.0869140625,3136.030029296875,3748.02587890625,4327.09912109375,4835.61376953125,5287.89599609375
IMAGE,SSP2-Ref-SPA0-V17,OCE,GDP|PPP,billion US$2005/yr,856.299072265625,1166.574951171875,1499.8919677734375,1848.262939453125,2242.112060546875,2674.5009765625,3172.341064453125,3681.44091796875,4179.58984375,4676.02197265625
IMAGE,SSP3-Ref-SPA0-V17,OCE,GDP|PPP,billion US$2005/yr,856.299072265625,1131.58203125,1360.843994140625,1526.822021484375,1651.4739990234375,1740.9840087890625,1827.373046875,1872.7919921875,1890.219970703125,1900.3079833984375
IMAGE,SSP4-Ref-SPA0-V17,OCE,GDP|PPP,billion US$2005/yr,856.299072265625,1174.2239990234375,1548.10498046875,2000.72900390625,2496.8701171875,3011.674072265625,3562.485107421875,4067.81396484375,4505.60400390625,4876.3369140625
IMAGE,SSP5-Ref-SPA0-V17,OCE,GDP|PPP,billion US$2005/yr,856.299072265625,1219.9300537109375,1763.0240478515625,2563.553955078125,3596.6220703125,4879.98486328125,6518.52587890625,8463.390625,10647.240234375,13125.91015625
IMAGE,SSP1-Ref-SPA0-V17,RCAM,GDP|PPP,billion US$2005/yr,719.8309936523438,989.823974609375,1523.4229736328125,2339.5029296875,3366.43408203125,4511.59912109375,5675.85595703125,6770.994140625,7767.80517578125,8576.669921875
IMAGE,SSP2-Ref-SPA0-V17,RCAM,GDP|PPP,billion US$2005/yr,719.8309936523438,1000.2869873046875,1453.208984375,2031.1719970703125,2771.533935546875,3686.7880859375,4796.22607421875,6101.18798828125,7592.66796875,9242.7626953125
IMAGE,SSP3-Ref-SPA0-V17,RCAM,GDP|PPP,billion US$2005/yr,719.8309936523438,1016.7230224609375,1409.6259765625,1806.366943359375,2256.41796875,2773.006103515625,3389.48193359375,4118.9580078125,4945.87109375,5888.8291015625
IMAGE,SSP4-Ref-SPA0-V17,RCAM,GDP|PPP,billion US$2005/yr,719.8309936523438,1051.3349609375,1452.862060546875,1867.2099609375,2289.4619140625,2712.930908203125,3134.117919921875,3547.06103515625,3953.583984375,4369.85693359375
IMAGE,SSP5-Ref-SPA0-V17,RCAM,GDP|PPP,billion US$2005/yr,719.8309936523438,1042.45703125,1679.5009765625,2761.60009765625,4161.4609375,5771.21923828125,7492.01904296875,9248.3095703125,11060.9501953125,12844.6396484375
IMAGE,SSP1-Ref-SPA0-V17,RSAF,GDP|PPP,billion US$2005/yr,266.1046142578125,474.04949951171875,836.230224609375,1554.1639404296875,2890.256103515625,5039.71484375,8010.81396484375,11590.51953125,15515.66015625,19421.48046875
IMAGE,SSP2-Ref-SPA0-V17,RSAF,GDP|PPP,billion US$2005/yr,266.1046142578125,480.3865966796875,777.0123291015625,1218.6109619140625,1998.9610595703125,3288.218017578125,5259.8828125,8059.794921875,11798.8603515625,16506.619140625
IMAGE,SSP3-Ref-SPA0-V17,RSAF,GDP|PPP,billion US$2005/yr,266.1046142578125,482.34381103515625,738.2379760742188,1013.4639892578125,1417.4150390625,2012.302001953125,2834.2880859375,3899.97802734375,5209.958984375,6775.66796875
IMAGE,SSP4-Ref-SPA0-V17,RSAF,GDP|PPP,billion US$2005/yr,266.1046142578125,470.30950927734375,715.3403930664062,968.6179809570312,1328.8509521484375,1854.0400390625,2577.6650390625,3517.94091796875,4673.8291015625,6058.3251953125
IMAGE,SSP5-Ref-SPA0-V17,RSAF,GDP|PPP,billion US$2005/yr,266.1046142578125,466.581787109375,901.0479125976562,1875.2979736328125,3729.885009765625,6819.31005859375,11289.2802734375,17007.369140625,23776.44921875,31201.369140625
IMAGE,SSP1-Ref-SPA0-V17,RSAM,GDP|PPP,billion US$2005/yr,1996.1729736328125,2962.4580078125,4373.42578125,6259.39892578125,8291.90234375,10273.4404296875,12072.509765625,13526.5703125,14626.1298828125,15267.1201171875
IMAGE,SSP2-Ref-SPA0-V17,RSAM,GDP|PPP,billion US$2005/yr,1996.1729736328125,2988.865966796875,4211.18896484375,5618.375,7220.02099609375,9011.4609375,10957.009765625,12993.91015625,15101.4599609375,17236.189453125
IMAGE,SSP3-Ref-SPA0-V17,RSAM,GDP|PPP,billion US$2005/yr,1996.1729736328125,3029.14697265625,4108.708984375,5136.4248046875,6223.31103515625,7365.2470703125,8579.5283203125,9875.6494140625,11240.2998046875,12722.1103515625
IMAGE,SSP4-Ref-SPA0-V17,RSAM,GDP|PPP,billion US$2005/yr,1996.1729736328125,3031.929931640625,4186.7109375,5450.80078125,6734.7431640625,8062.884765625,9376.25390625,10620.7099609375,11832.08984375,13036.599609375
IMAGE,SSP5-Ref-SPA0-V17,RSAM,GDP|PPP,billion US$2005/yr,1996.1729736328125,3024.51806640625,4716.97802734375,7320.01220703125,10300.1796875,13452.1201171875,16620.359375,19590.23046875,22365.9296875,24757.0
IMAGE,SSP1-Ref-SPA0-V17,RSAS,GDP|PPP,billion US$2005/yr,820.6414794921875,1329.802001953125,2422.537109375,4445.8828125,7432.1748046875,11203.7197265625,15451.3896484375,19735.26953125,23729.169921875,27240.1796875
IMAGE,SSP2-Ref-SPA0-V17,RSAS,GDP|PPP,billion US$2005/yr,820.6414794921875,1345.0040283203125,2246.162109375,3561.449951171875,5460.05810546875,8078.19677734375,11572.23046875,15973.2802734375,21209.8203125,27293.5703125
IMAGE,SSP3-Ref-SPA0-V17,RSAS,GDP|PPP,billion US$2005/yr,820.6414794921875,1361.4219970703125,2123.64599609375,2944.60302734375,3909.031982421875,5057.490234375,6487.68017578125,8232.958984375,10261.169921875,12651.169921875
IMAGE,SSP4-Ref-SPA0-V17,RSAS,GDP|PPP,billion US$2005/yr,820.6414794921875,1345.593994140625,2053.08203125,2725.162109375,3402.507080078125,4102.27294921875,4864.9560546875,5691.9580078125,6587.59912109375,7611.591796875
IMAGE,SSP5-Ref-SPA0-V17,RSAS,GDP|PPP,billion US$2005/yr,820.6414794921875,1333.0250244140625,2601.552001953125,5250.80810546875,9339.9482421875,14744.1201171875,21196.939453125,28256.419921875,35613.9609375,43086.08984375
IMAGE,SSP1-Ref-SPA0-V17,RUS,GDP|PPP,billion US$2005/yr,2135.132080078125,2964.389892578125,4279.0390625,5737.2919921875,6636.4912109375,7265.73583984375,7827.93212890625,7993.25,8046.94384765625,8021.31982421875
IMAGE,SSP2-Ref-SPA0-V17,RUS,GDP|PPP,billion US$2005/yr,2135.132080078125,2955.131103515625,4002.156005859375,4970.73095703125,5664.52783203125,6411.9228515625,7305.64404296875,8062.35888671875,8768.98046875,9469.3212890625
IMAGE,SSP3-Ref-SPA0-V17,RUS,GDP|PPP,billion US$2005/yr,2135.132080078125,2940.39599609375,3802.35302734375,4471.1220703125,4731.1640625,4974.6728515625,5465.68603515625,5997.42919921875,6510.5068359375,7042.3271484375
IMAGE,SSP4-Ref-SPA0-V17,RUS,GDP|PPP,billion US$2005/yr,2135.132080078125,3077.430908203125,4207.30615234375,5388.97314453125,6143.64111328125,6810.85400390625,7486.44287109375,7871.27978515625,8110.0419921875,8238.3349609375
IMAGE,SSP5-Ref-SPA0-V17,RUS,GDP|PPP,billion US$2005/yr,2135.132080078125,3138.39990234375,4982.0048828125,7397.46484375,9239.294921875,10853.650390625,12536.5,13778.990234375,14947.26953125,16019.6904296875
IMAGE,SSP1-Ref-SPA0-V17,SAF,GDP|PPP,billion US$2005/yr,466.5701904296875,670.9224853515625,1025.93603515625,1484.2979736328125,1958.343017578125,2397.64404296875,2754.860107421875,2998.656005859375,3141.51806640625,3198.48388671875
IMAGE,SSP2-Ref-SPA0-V17,SAF,GDP|PPP,billion US$2005/yr,466.5701904296875,669.4298706054688,966.8568725585938,1292.9200439453125,1638.9549560546875,2012.7900390625,2406.44091796875,2796.138916015625,3165.7041015625,3503.27294921875
IMAGE,SSP3-Ref-SPA0-V17,SAF,GDP|PPP,billion US$2005/yr,466.5701904296875,657.590576171875,881.4520874023438,1060.2469482421875,1215.68505859375,1373.740966796875,1545.7039794921875,1723.531005859375,1900.52197265625,2078.763916015625
IMAGE,SSP4-Ref-SPA0-V17,SAF,GDP|PPP,billion US$2005/yr,466.5701904296875,687.8800048828125,967.8292846679688,1254.5830078125,1522.2879638671875,1777.446044921875,2004.4630126953125,2187.509033203125,2323.123046875,2410.114013671875
IMAGE,SSP5-Ref-SPA0-V17,SAF,GDP|PPP,billion US$2005/yr,466.5701904296875,704.0894775390625,1136.530029296875,1781.9580078125,2532.93994140625,3326.152099609375,4086.114990234375,4738.5458984375,5280.8779296875,5717.02978515625
IMAGE,SSP1-Ref-SPA0-V17,SEAS,GDP|PPP,billion US$2005/yr,1862.56005859375,2978.044921875,4868.39990234375,7532.61376953125,10558.4404296875,13637.41015625,16512.1796875,18882.44921875,20702.5703125,21929.890625
IMAGE,SSP2-Ref-SPA0-V17,SEAS,GDP|PPP,billion US$2005/yr,1862.56005859375,2992.283935546875,4570.083984375,6418.6591796875,8583.9775390625,11043.4501953125,13765.58984375,16638.580078125,19572.0,22545.33984375
IMAGE,SSP3-Ref-SPA0-V17,SEAS,GDP|PPP,billion US$2005/yr,1862.56005859375,2999.77197265625,4301.8291015625,5450.9111328125,6604.0400390625,7836.60986328125,9245.6630859375,10843.5400390625,12573.25,14489.7900390625
IMAGE,SSP4-Ref-SPA0-V17,SEAS,GDP|PPP,billion US$2005/yr,1862.56005859375,2997.35009765625,4408.76318359375,5824.5458984375,7217.740234375,8574.3857421875,9848.2109375,10938.169921875,11857.6201171875,12666.6904296875
IMAGE,SSP5-Ref-SPA0-V17,SEAS,GDP|PPP,billion US$2005/yr,1862.56005859375,3028.169921875,5300.22119140625,8897.18359375,13282.66015625,18127.580078125,23148.51953125,27908.939453125,32321.220703125,36257.96875
IMAGE,SSP1-Ref-SPA0-V17,STAN,GDP|PPP,billion US$2005/yr,314.0869140625,585.4874877929688,1031.52197265625,1549.7359619140625,1967.18701171875,2272.534912109375,2546.470947265625,2712.735107421875,2818.139892578125,2883.471923828125
IMAGE,SSP2-Ref-SPA0-V17,STAN,GDP|PPP,billion US$2005/yr,314.0869140625,589.0911254882812,992.3073120117188,1395.7550048828125,1726.3079833984375,2010.2769775390625,2333.986083984375,2642.133056640625,2954.58203125,3278.948974609375
IMAGE,SSP3-Ref-SPA0-V17,STAN,GDP|PPP,billion US$2005/yr,314.0869140625,594.9649047851562,983.6806030273438,1357.115966796875,1608.5909423828125,1768.7969970703125,1993.60400390625,2244.443115234375,2507.30810546875,2792.743896484375
IMAGE,SSP4-Ref-SPA0-V17,STAN,GDP|PPP,billion US$2005/yr,314.0869140625,574.8754272460938,974.634521484375,1413.9830322265625,1729.3360595703125,1926.843994140625,2118.2060546875,2250.6279296875,2351.674072265625,2432.8291015625
IMAGE,SSP5-Ref-SPA0-V17,STAN,GDP|PPP,billion US$2005/yr,314.0869140625,578.2003784179688,1090.7559814453125,1775.0050048828125,2343.60693359375,2762.6708984375,3176.071044921875,3508.58203125,3819.1240234375,4133.10302734375
IMAGE,SSP1-Ref-SPA0-V17,TUR,GDP|PPP,billion US$2005/yr,879.4927978515625,1342.1090087890625,1951.4639892578125,2688.06298828125,3410.7529296875,4051.632080078125,4584.72900390625,4965.22216796875,5241.796875,5405.89306640625
IMAGE,SSP2-Ref-SPA0-V17,TUR,GDP|PPP,billion US$2005/yr,879.4927978515625,1355.0460205078125,1894.6409912109375,2477.205078125,3109.47705078125,3782.596923828125,4486.125,5185.52490234375,5876.7080078125,6556.52880859375
IMAGE,SSP3-Ref-SPA0-V17,TUR,GDP|PPP,billion US$2005/yr,879.4927978515625,1371.79296875,1823.343017578125,2199.403076171875,2553.841064453125,2903.700927734375,3273.427978515625,3670.092041015625,4068.4541015625,4479.06103515625
IMAGE,SSP4-Ref-SPA0-V17,TUR,GDP|PPP,billion US$2005/yr,879.4927978515625,1358.302978515625,1847.2779541015625,2326.68408203125,2771.5458984375,3178.385986328125,3535.51806640625,3827.5830078125,4073.570068359375,4300.283203125
IMAGE,SSP5-Ref-SPA0-V17,TUR,GDP|PPP,billion US$2005/yr,879.4927978515625,1352.3609619140625,2057.23388671875,3022.7109375,4065.23193359375,5117.5341796875,6147.5908203125,7079.958984375,7962.97509765625,8762.390625
IMAGE,SSP1-Ref-SPA0-V17,UKR,GDP|PPP,billion US$2005/yr,405.08990478515625,517.9434204101562,789.9025268554688,1154.2459716796875,1477.031005859375,1764.404052734375,2018.01904296875,2160.56005859375,2241.803955078125,2273.550048828125
IMAGE,SSP2-Ref-SPA0-V17,UKR,GDP|PPP,billion US$2005/yr,405.08990478515625,514.805908203125,718.3909301757812,943.6234741210938,1162.22705078125,1408.1910400390625,1689.93603515625,1948.0560302734375,2195.60693359375,2435.39892578125
IMAGE,SSP3-Ref-SPA0-V17,UKR,GDP|PPP,billion US$2005/yr,405.08990478515625,512.74658203125,665.4136962890625,780.3411865234375,868.1038208007812,975.23388671875,1124.5150146484375,1279.0260009765625,1445.5810546875,1631.237060546875
IMAGE,SSP4-Ref-SPA0-V17,UKR,GDP|PPP,billion US$2005/yr,405.08990478515625,581.818603515625,807.4066162109375,1057.3919677734375,1288.427978515625,1536.6669921875,1792.31298828125,1978.9549560546875,2122.85595703125,2227.6240234375
IMAGE,SSP5-Ref-SPA0-V17,UKR,GDP|PPP,billion US$2005/yr,405.08990478515625,593.40087890625,984.8776245117188,1569.447998046875,2152.3359375,2751.177001953125,3353.26611328125,3826.653076171875,4231.4501953125,4563.80078125
IMAGE,SSP1-Ref-SPA0-V17,USA,GDP|PPP,billion US$2005/yr,12822.2802734375,16532.279296875,21180.740234375,25804.259765625,29880.140625,33762.0390625,37859.21875,41843.5703125,45673.75,49238.62109375
IMAGE,SSP2-Ref-SPA0-V17,USA,GDP|PPP,billion US$2005/yr,12822.2802734375,16413.240234375,20203.58984375,23436.060546875,26289.880859375,29113.3203125,32080.599609375,34850.390625,37439.62109375,39840.4609375
IMAGE,SSP3-Ref-SPA0-V17,USA,GDP|PPP,billion US$2005/yr,12822.2802734375,16037.2998046875,18768.869140625,20549.6796875,21655.439453125,22254.98046875,22437.9609375,21963.359375,21140.599609375,20148.060546875
IMAGE,SSP4-Ref-SPA0-V17,USA,GDP|PPP,billion US$2005/yr,12822.2802734375,16628.9609375,21123.380859375,25374.779296875,28850.76953125,32089.669921875,35377.0390625,38273.23046875,40930.890625,43384.359375
IMAGE,SSP5-Ref-SPA0-V17,USA,GDP|PPP,billion US$2005/yr,12822.2802734375,17159.75,23504.720703125,31096.6796875,39496.98046875,49608.37109375,62350.66015625,77921.7109375,96402.4375,118079.0
IMAGE,SSP1-Ref-SPA0-V17,WAF,GDP|PPP,billion US$2005/yr,661.6680297851562,1172.2900390625,2442.030029296875,5132.259765625,9927.263671875,17393.150390625,27602.990234375,39889.609375,53400.37109375,66958.859375
IMAGE,SSP2-Ref-SPA0-V17,WAF,GDP|PPP,billion US$2005/yr,661.6680297851562,1185.137939453125,2229.722900390625,3999.85498046875,6994.85400390625,11844.8896484375,19183.439453125,29437.779296875,42761.69921875,59021.9609375
IMAGE,SSP3-Ref-SPA0-V17,WAF,GDP|PPP,billion US$2005/yr,661.6680297851562,1200.1209716796875,2087.326904296875,3231.510009765625,4776.52783203125,6910.43896484375,9808.80859375,13597.7099609375,18254.259765625,23717.640625
IMAGE,SSP4-Ref-SPA0-V17,WAF,GDP|PPP,billion US$2005/yr,661.6680297851562,1226.1929931640625,2076.56201171875,3051.583984375,4255.8251953125,5800.10009765625,7747.18408203125,10139.8701171875,12936.5703125,16110.1103515625
IMAGE,SSP5-Ref-SPA0-V17,WAF,GDP|PPP,billion US$2005/yr,661.6680297851562,1206.3509521484375,2718.385009765625,6359.19091796875,13113.9697265625,24100.05078125,39984.0390625,60534.69921875,85232.5625,112846.8984375
IMAGE,SSP1-Ref-SPA0-V17,WEU,GDP|PPP,billion US$2005/yr,12613.009765625,14405.919921875,17200.30078125,20820.849609375,24645.990234375,28593.5,32783.859375,36754.171875,40470.0,43978.08984375
IMAGE,SSP2-Ref-SPA0-V17,WEU,GDP|PPP,billion US$2005/yr,12613.009765625,14329.9599609375,16637.640625,19362.44921875,22473.5,25953.05078125,29867.509765625,33887.9296875,38024.921875,42261.55078125
IMAGE,SSP3-Ref-SPA0-V17,WEU,GDP|PPP,billion US$2005/yr,12613.009765625,14041.9404296875,15464.0302734375,16519.26953125,17200.66015625,17616.6796875,17928.98046875,17912.400390625,17750.6796875,17517.66015625
IMAGE,SSP4-Ref-SPA0-V17,WEU,GDP|PPP,billion US$2005/yr,12613.009765625,14644.7998046875,17267.2109375,20484.55078125,23713.099609375,26924.98046875,30144.330078125,32933.48046875,35454.94921875,37719.16015625
IMAGE,SSP5-Ref-SPA0-V17,WEU,GDP|PPP,billion US$2005/yr,12613.009765625,15036.3798828125,19085.509765625,25148.369140625,32691.25,42134.2890625,54143.44921875,68593.53125,85468.96875,105238.5
IMAGE,SSP1-Ref-SPA0-V17,BRA,Population,million,195.0384063720703,208.35870361328125,215.9423065185547,218.0762939453125,214.9947967529297,206.9010009765625,194.77220153808594,179.66909790039062,161.86669921875,141.47900390625
IMAGE,SSP2-Ref-SPA0-V17,BRA,Population,million,195.0384063720703,210.84280395507812,222.9246063232422,229.9499053955078,231.9779052734375,228.77330017089844,221.68600463867188,211.68319702148438,200.21780395507812,188.50430297851562
IMAGE,SSP3-Ref-SPA0-V17,BRA,Population,million,195.0384063720703,213.35299682617188,230.5612030029297,243.76939392089844,253.77420043945312,260.0812072753906,263.8559875488281,266.9324035644531,270.8203125,276.4169006347656
IMAGE,SSP4-Ref-SPA0-V17,BRA,Population,million,195.0384063720703,209.21910095214844,217.41700744628906,219.15379333496094,214.6967010498047,204.6208953857422,190.13400268554688,172.58670043945312,153.726806640625,135.11500549316406
IMAGE,SSP5-Ref-SPA0-V17,BRA,Population,million,195.0384063720703,208.08949279785156,215.1219024658203,216.72760009765625,213.1779022216797,204.68589782714844,192.2960968017578,177.0928955078125,159.34750366210938,139.1678924560547
IMAGE,SSP1-Ref-SPA0-V17,CAN,Population,million,34.04153823852539,37.925331115722656,41.85116958618164,45.47677993774414,49.00431823730469,52.277679443359375,54.80649948120117,56.21152114868164,56.04039001464844,54.5082893371582
IMAGE,SSP2-Ref-SPA0-V17,CAN,Population,million,34.04153823852539,37.79124069213867,41.413848876953125,44.57212829589844,47.619319915771484,50.501399993896484,52.8000602722168,54.36117935180664,54.9846305847168,54.463260650634766
IMAGE,SSP3-Ref-SPA0-V17,CAN,Population,million,34.04153823852539,36.69544982910156,37.83927917480469,37.990379333496094,37.4830207824707,36.471290588378906,34.970211029052734,32.964759826660156,30.533010482788086,27.866090774536133
IMAGE,SSP4-Ref-SPA0-V17,CAN,Population,million,34.04153823852539,37.52204895019531,40.51620101928711,42.84088134765625,44.64017105102539,45.92509841918945,46.44947814941406,46.00815963745117,44.508079528808594,41.92021942138672
IMAGE,SSP5-Ref-SPA0-V17,CAN,Population,million,34.04153823852539,38.9040412902832,45.13954162597656,51.61320114135742,58.85942077636719,66.64502716064453,73.9803237915039,80.39293670654297,85.1623764038086,88.16455078125
IMAGE,SSP1-Ref-SPA0-V17,CEU,Population,million,126.7499008178711,126.06510162353516,124.47930145263672,121.87169647216797,118.64420318603516,114.39109802246094,108.64179992675781,101.59870147705078,93.39533233642578,84.82221221923828
IMAGE,SSP2-Ref-SPA0-V17,CEU,Population,million,126.7499008178711,125.96240234375,124.27100372314453,121.25869750976562,117.7959976196289,113.69129943847656,108.12349700927734,101.872802734375,96.04572296142578,90.69711303710938
IMAGE,SSP3-Ref-SPA0-V17,CEU,Population,million,126.7499008178711,125.32150268554688,121.89669799804688,116.58390045166016,110.83660125732422,104.643798828125,97.72625732421875,91.62808227539062,87.0589370727539,83.2283935546875
IMAGE,SSP4-Ref-SPA0-V17,CEU,Population,million,126.7499008178711,125.32350158691406,122.16780090332031,117.35639953613281,111.5792007446289,104.73650360107422,96.24806213378906,86.95826721191406,78.11502075195312,69.95256042480469
IMAGE,SSP5-Ref-SPA0-V17,CEU,Population,million,126.7499008178711,126.76280212402344,126.8584976196289,126.3302993774414,125.83979797363281,124.77729797363281,122.14790344238281,118.24749755859375,113.20089721679688,107.59120178222656
IMAGE,SSP1-Ref-SPA0-V17,CHN,Population,million,1379.7869873046875,1411.241943359375,1400.1600341796875,1349.2349853515625,1263.47705078125,1154.0379638671875,1033.1009521484375,910.9683837890625,788.68212890625,667.0521850585938
IMAGE,SSP2-Ref-SPA0-V17,CHN,Population,million,1379.7869873046875,1419.541015625,1421.949951171875,1380.873046875,1303.4940185546875,1202.47802734375,1093.6920166015625,985.9840698242188,883.91552734375,796.3328857421875
IMAGE,SSP3-Ref-SPA0-V17,CHN,Population,million,1379.7869873046875,1426.0810546875,1440.2989501953125,1409.85595703125,1347.946044921875,1270.6180419921875,1195.511962890625,1131.0830078125,1086.7099609375,1064.1719970703125
IMAGE,SSP4-Ref-SPA0-V17,CHN,Population,million,1379.7869873046875,1408.8189697265625,1390.404052734375,1325.60302734375,1221.3599853515625,1091.0849609375,952.3674926757812,815.6768798828125,687.2371826171875,576.9013061523438
IMAGE,SSP5-Ref-SPA0-V17,CHN,Population,million,1379.7869873046875,1411.14404296875,1400.2939453125,1349.8719482421875,1264.741943359375,1155.887939453125,1035.3089599609375,913.3120727539062,790.9697265625,669.110107421875
IMAGE,SSP1-Ref-SPA0-V17,EAF,Population,million,259.4359130859375,320.5098876953125,376.8174133300781,426.80780029296875,466.2846984863281,494.0035095214844,510.6477966308594,515.5180053710938,509.1536865234375,493.3157958984375
IMAGE,SSP2-Ref-SPA0-V17,EAF,Population,million,259.4359130859375,329.5181884765625,402.65631103515625,474.6346130371094,541.8524169921875,599.8674926757812,647.5380859375,684.0477905273438,708.0463256835938,721.073974609375
IMAGE,SSP3-Ref-SPA0-V17,EAF,Population,million,259.4359130859375,337.9617004394531,431.3869934082031,532.9185180664062,643.1624145507812,753.4876708984375,859.8037719726562,962.1710205078125,1056.1669921875,1143.0400390625
IMAGE,SSP4-Ref-SPA0-V17,EAF,Population,million,259.4359130859375,337.81170654296875,430.4446105957031,530.5131225585938,638.8328247070312,747.1475219726562,851.8295288085938,953.3267211914062,1047.23095703125,1134.887939453125
IMAGE,SSP5-Ref-SPA0-V17,EAF,Population,million,259.4359130859375,320.1534118652344,374.8035888671875,422.50750732421875,459.1129150390625,483.7174072265625,497.7016906738281,500.75750732421875,493.55938720703125,477.8887023925781
IMAGE,SSP1-Ref-SPA0-V17,INDIA,Population,million,1214.489990234375,1350.0269775390625,1446.8680419921875,1511.06396484375,1537.5799560546875,1523.552001953125,1469.1949462890625,1379.27294921875,1261.8919677734375,1129.0250244140625
IMAGE,SSP2-Ref-SPA0-V17,INDIA,Population,million,1214.489990234375,1376.614013671875,1515.9580078125,1632.2779541015625,1719.4620361328125,1764.5849609375,1766.5260009765625,1733.3480224609375,1670.509033203125,1589.6839599609375
IMAGE,SSP3-Ref-SPA0-V17,INDIA,Population,million,1214.489990234375,1400.416015625,1590.4510498046875,1773.1209716796875,1954.259033203125,2113.8330078125,2249.590087890625,2372.844970703125,2484.279052734375,2587.052978515625
IMAGE,SSP4-Ref-SPA0-V17,INDIA,Population,million,1214.489990234375,1364.9560546875,1476.8330078125,1552.2900390625,1587.7039794921875,1574.3809814453125,1513.35498046875,1414.3680419921875,1291.865966796875,1159.593994140625
IMAGE,SSP5-Ref-SPA0-V17,INDIA,Population,million,1214.489990234375,1349.45703125,1445.3780517578125,1508.60595703125,1534.2110595703125,1519.4010009765625,1464.56298828125,1374.52294921875,1257.35595703125,1124.9620361328125
IMAGE,SSP1-Ref-SPA0-V17,INDO,Population,million,238.25230407714844,258.3254089355469,270.1758117675781,274.8830871582031,271.9869079589844,262.0617980957031,246.85650634765625,228.18780517578125,207.5782928466797,186.1824951171875
IMAGE,SSP2-Ref-SPA0-V17,INDO,Population,million,238.25230407714844,260.81219482421875,277.3804931640625,287.2815856933594,289.42230224609375,284.802490234375,275.043701171875,262.098388671875,247.64480590820312,232.66729736328125
IMAGE,SSP3-Ref-SPA0-V17,INDO,Population,million,238.25230407714844,263.414306640625,285.5176086425781,301.13720703125,310.3518981933594,313.5942077636719,312.58489990234375,309.681884765625,306.2694091796875,302.8905944824219
IMAGE,SSP4-Ref-SPA0-V17,INDO,Population,million,238.25230407714844,257.91778564453125,268.7569885253906,271.4956970214844,265.85400390625,252.58090209960938,233.82760620117188,212.09530639648438,189.39889526367188,167.27920532226562
IMAGE,SSP5-Ref-SPA0-V17,INDO,Population,million,238.25230407714844,257.9014892578125,268.9541015625,272.8337097167969,269.15399169921875,258.5215148925781,242.81829833984375,223.9073028564453,203.30169677734375,182.1230926513672
IMAGE,SSP1-Ref-SPA0-V17,JAP,Population,million,127.5927963256836,126.53099822998047,123.39409637451172,119.28199768066406,114.6636962890625,109.4666976928711,102.44650268554688,94.43115234375,85.8662109375,77.57856750488281
IMAGE,SSP2-Ref-SPA0-V17,JAP,Population,million,127.5927963256836,125.85540008544922,121.41570281982422,115.71240234375,109.51609802246094,103.27040100097656,96.41761016845703,89.43074035644531,82.36824035644531,75.56690979003906
IMAGE,SSP3-Ref-SPA0-V17,JAP,Population,million,127.5927963256836,124.24009704589844,116.43840026855469,106.72799682617188,96.29962921142578,85.51934051513672,74.40630340576172,64.09387969970703,54.97132110595703,46.717960357666016
IMAGE,SSP4-Ref-SPA0-V17,JAP,Population,million,127.5927963256836,125.18389892578125,119.38790130615234,112.07530212402344,103.95909881591797,95.51815795898438,86.31291198730469,76.90397644042969,67.43051147460938,58.381568908691406
IMAGE,SSP5-Ref-SPA0-V17,JAP,Population,million,127.5927963256836,127.48190307617188,126.41609954833984,124.81680297851562,123.33149719238281,121.9490966796875,118.95929718017578,114.99849700927734,110.52339935302734,106.2218017578125
IMAGE,SSP1-Ref-SPA0-V17,KOR,Population,million,72.8427734375,74.96829986572266,76.01595306396484,75.4429931640625,73.09523010253906,69.41560363769531,64.88031005859375,59.42586898803711,53.91550064086914,48.281158447265625
IMAGE,SSP2-Ref-SPA0-V17,KOR,Population,million,72.8427734375,74.64779663085938,75.07563781738281,73.51701354980469,69.81773376464844,64.86367797851562,59.55134963989258,54.385650634765625,49.66896057128906,45.41939163208008
IMAGE,SSP3-Ref-SPA0-V17,KOR,Population,million,72.8427734375,73.9372787475586,72.57518005371094,68.66425323486328,62.22111892700195,54.467288970947266,46.743690490722656,39.60969161987305,33.23760986328125,27.896549224853516
IMAGE,SSP4-Ref-SPA0-V17,KOR,Population,million,72.8427734375,74.27893829345703,73.84053039550781,71.3687973022461,66.67931365966797,60.520389556884766,53.906429290771484,47.46329116821289,41.48881149291992,36.07217025756836
IMAGE,SSP5-Ref-SPA0-V17,KOR,Population,million,72.8427734375,75.44450378417969,77.5912094116211,78.33499908447266,77.60784149169922,75.9690933227539,73.64399719238281,70.45719909667969,67.37019348144531,64.22572326660156
IMAGE,SSP1-Ref-SPA0-V17,ME,Population,million,215.460205078125,258.39581298828125,292.5083923339844,320.7445068359375,340.1604919433594,349.6875915527344,350.5054931640625,342.8652038574219,327.5047912597656,305.4360046386719
IMAGE,SSP2-Ref-SPA0-V17,ME,Population,million,215.460205078125,263.0653076171875,306.3028869628906,345.8988952636719,379.2265930175781,403.7210998535156,419.3244934082031,426.67279052734375,427.5487060546875,424.0790100097656
IMAGE,SSP3-Ref-SPA0-V17,ME,Population,million,215.460205078125,266.3609924316406,318.8316955566406,371.4502868652344,424.85089111328125,475.7528076171875,523.5308837890625,571.2880859375,619.7442016601562,667.332275390625
IMAGE,SSP4-Ref-SPA0-V17,ME,Population,million,215.460205078125,265.6250915527344,316.2439880371094,365.5788879394531,413.4211120605469,457.2997131347656,495.855712890625,530.7991943359375,563.5767822265625,594.24267578125
IMAGE,SSP5-Ref-SPA0-V17,ME,Population,million,215.460205078125,259.91668701171875,296.49798583984375,327.0987854003906,348.6017150878906,359.8905029296875,362.2773132324219,356.1448974609375,342.4753112792969,322.4713134765625
IMAGE,SSP1-Ref-SPA0-V17,MEX,Population,million,112.1937026977539,122.88359832763672,129.585205078125,132.67230224609375,132.0749053955078,128.47630310058594,123.25450134277344,116.9813003540039,108.86119842529297,98.6639633178711
IMAGE,SSP2-Ref-SPA0-V17,MEX,Population,million,112.1937026977539,124.81539916992188,135.264892578125,142.73410034179688,147.10719299316406,148.40699768066406,148.0626983642578,146.81239318847656,144.4156951904297,141.5155029296875
IMAGE,SSP3-Ref-SPA0-V17,MEX,Population,million,112.1937026977539,127.4030990600586,143.94090270996094,159.1136016845703,173.25869750976562,186.04849243164062,198.2458953857422,210.44520568847656,222.54559326171875,235.07339477539062
IMAGE,SSP4-Ref-SPA0-V17,MEX,Population,million,112.1937026977539,123.46520233154297,130.9936981201172,134.58639526367188,134.1324005126953,130.35369873046875,124.76300048828125,117.97640228271484,110.19560241699219,101.7698974609375
IMAGE,SSP5-Ref-SPA0-V17,MEX,Population,million,112.1937026977539,121.8864974975586,126.37629699707031,127.11129760742188,124.22090148925781,118.53720092773438,111.87319946289062,104.94319915771484,97.01998138427734,87.85044860839844
IMAGE,SSP1-Ref-SPA0-V17,NAF,Population,million,169.2978057861328,190.5675048828125,204.9425048828125,214.24400329589844,218.28970336914062,216.76229858398438,210.89239501953125,201.21009826660156,188.68699645996094,174.1634979248047
IMAGE,SSP2-Ref-SPA0-V17,NAF,Population,million,169.2978057861328,193.29269409179688,213.0166015625,228.3845977783203,239.4550018310547,245.28610229492188,246.45620727539062,243.96139526367188,239.45399475097656,233.55740356445312
IMAGE,SSP3-Ref-SPA0-V17,NAF,Population,million,169.2978057861328,196.82350158691406,224.4022979736328,249.31129455566406,273.2489013671875,294.522705078125,312.5953063964844,330.1182861328125,348.21649169921875,365.78961181640625
IMAGE,SSP4-Ref-SPA0-V17,NAF,Population,million,169.2978057861328,191.1029052734375,206.10440063476562,215.4365997314453,219.04420471191406,216.44290161132812,208.53880310058594,196.7989044189453,183.2335968017578,168.85760498046875
IMAGE,SSP5-Ref-SPA0-V17,NAF,Population,million,169.2978057861328,189.8018035888672,202.5030059814453,210.04269409179688,212.34300231933594,209.2104034423828,202.16209411621094,191.8594970703125,179.26060485839844,165.1446075439453
IMAGE,SSP1-Ref-SPA0-V17,OCE,Population,million,29.55954933166504,34.15752029418945,38.519691467285156,42.55867004394531,46.35271072387695,49.68125915527344,52.03411102294922,53.14904022216797,52.70692825317383,51.065528869628906
IMAGE,SSP2-Ref-SPA0-V17,OCE,Population,million,29.55954933166504,34.15752029418945,38.49631881713867,42.42145919799805,46.10877990722656,49.38753128051758,51.843040466308594,53.400089263916016,53.93672180175781,53.34519958496094
IMAGE,SSP3-Ref-SPA0-V17,OCE,Population,million,29.55954933166504,33.239749908447266,35.578369140625,37.1151008605957,38.0166015625,38.20158004760742,37.65782928466797,36.479881286621094,34.76325988769531,32.6939697265625
IMAGE,SSP4-Ref-SPA0-V17,OCE,Population,million,29.55954933166504,33.927818298339844,37.77165985107422,41.04533004760742,43.808780670166016,45.94921875,47.143428802490234,47.29792022705078,46.34965896606445,44.296630859375
IMAGE,SSP5-Ref-SPA0-V17,OCE,Population,million,29.55954933166504,35.039710998535156,41.40715026855469,47.89044952392578,54.85042190551758,62.014678955078125,68.44410705566406,73.77485656738281,77.45507049560547,79.6280288696289
IMAGE,SSP1-Ref-SPA0-V17,RCAM,Population,million,84.55695343017578,91.63218688964844,95.6810531616211,97.17986297607422,96.1871566772461,93.1751480102539,88.97947692871094,83.81163787841797,77.64595794677734,70.41776275634766
IMAGE,SSP2-Ref-SPA0-V17,RCAM,Population,million,84.55695343017578,93.3414535522461,100.33760070800781,105.2354965209961,107.94259643554688,108.50309753417969,107.77529907226562,106.12349700927734,103.70079803466797,100.86019897460938
IMAGE,SSP3-Ref-SPA0-V17,RCAM,Population,million,84.55695343017578,96.13480377197266,109.10060119628906,121.24720001220703,132.87950134277344,143.58880615234375,153.65550231933594,163.42250061035156,173.04879760742188,182.71929931640625
IMAGE,SSP4-Ref-SPA0-V17,RCAM,Population,million,84.55695343017578,94.07135772705078,102.43910217285156,109.04409790039062,114.12470245361328,117.60379791259766,120.26270294189453,122.59100341796875,124.77349853515625,126.94170379638672
IMAGE,SSP5-Ref-SPA0-V17,RCAM,Population,million,84.55695343017578,90.67540740966797,92.57459259033203,91.81902313232422,88.60272216796875,83.56114959716797,77.9220962524414,72.03154754638672,65.86585998535156,59.324440002441406
IMAGE,SSP1-Ref-SPA0-V17,RSAF,Population,million,136.90269470214844,167.68319702148438,197.2675018310547,223.798095703125,244.4311981201172,259.0354919433594,268.1958923339844,271.6335144042969,269.64349365234375,262.4822998046875
IMAGE,SSP2-Ref-SPA0-V17,RSAF,Population,million,136.90269470214844,172.61990356445312,211.05560302734375,249.6165008544922,285.4620056152344,316.36468505859375,342.2720031738281,362.6706848144531,377.6153869628906,386.447509765625
IMAGE,SSP3-Ref-SPA0-V17,RSAF,Population,million,136.90269470214844,176.3455047607422,224.71539306640625,277.514892578125,333.50048828125,388.7538146972656,441.6523132324219,492.47491455078125,540.5537719726562,585.1192016601562
IMAGE,SSP4-Ref-SPA0-V17,RSAF,Population,million,136.90269470214844,175.84140014648438,222.95159912109375,273.96710205078125,327.70098876953125,380.1217041015625,430.0481872558594,477.9422912597656,522.986572265625,564.340576171875
IMAGE,SSP5-Ref-SPA0-V17,RSAF,Population,million,136.90269470214844,167.01539611816406,195.0229034423828,219.63009643554688,238.0124969482422,250.23370361328125,257.4403991699219,259.6224060058594,257.1211853027344,250.1387939453125
IMAGE,SSP1-Ref-SPA0-V17,RSAM,Population,million,197.70730590820312,216.16619873046875,228.15829467773438,234.55099487304688,234.97970581054688,230.33990478515625,221.93890380859375,210.19219970703125,194.7303009033203,175.68240356445312
IMAGE,SSP2-Ref-SPA0-V17,RSAM,Population,million,197.70730590820312,219.3404998779297,237.31959533691406,250.54379272460938,258.660400390625,261.7204895019531,260.87811279296875,256.72509765625,250.06100463867188,241.99349975585938
IMAGE,SSP3-Ref-SPA0-V17,RSAM,Population,million,197.70730590820312,223.81500244140625,251.0717010498047,275.8301086425781,298.6763916015625,319.206787109375,337.70880126953125,355.1640930175781,372.5823059082031,390.5133056640625
IMAGE,SSP4-Ref-SPA0-V17,RSAM,Population,million,197.70730590820312,218.51109313964844,233.88890075683594,243.31370544433594,246.65330505371094,244.4875946044922,238.0789031982422,228.41470336914062,216.6739959716797,203.9857940673828
IMAGE,SSP5-Ref-SPA0-V17,RSAM,Population,million,197.70730590820312,215.3468017578125,225.51480102539062,229.99740600585938,228.5760040283203,222.2333984375,212.59019470214844,200.1833953857422,184.64840698242188,166.10130310058594
IMAGE,SSP1-Ref-SPA0-V17,RSAS,Population,million,423.0950012207031,483.59991455078125,531.5869140625,564.952880859375,582.0839233398438,583.1856079101562,571.73291015625,549.1873779296875,517.4854125976562,479.65740966796875
IMAGE,SSP2-Ref-SPA0-V17,RSAS,Population,million,423.0950012207031,494.0729064941406,561.927490234375,620.1162719726562,667.19677734375,698.6389770507812,715.986083984375,722.9257202148438,720.8328857421875,711.6149291992188
IMAGE,SSP3-Ref-SPA0-V17,RSAS,Population,million,423.0950012207031,504.81829833984375,598.277099609375,689.2249145507812,782.334228515625,869.5418090820312,948.6331176757812,1026.0479736328125,1101.8409423828125,1174.2919921875
IMAGE,SSP4-Ref-SPA0-V17,RSAS,Population,million,423.0950012207031,497.8035888671875,576.0175170898438,648.3109741210938,718.423095703125,779.74267578125,831.8463745117188,880.4771118164062,925.8612060546875,967.0421752929688
IMAGE,SSP5-Ref-SPA0-V17,RSAS,Population,million,423.0950012207031,481.2755126953125,524.2747802734375,552.0980224609375,563.291015625,558.6140747070312,542.7860717773438,517.8161010742188,485.7406005859375,449.4159851074219
IMAGE,SSP1-Ref-SPA0-V17,RUS,Population,million,158.77040100097656,157.5756072998047,154.0269012451172,150.49110412597656,145.93069458007812,139.90679931640625,132.50799560546875,123.25669860839844,112.84750366210938,102.04219818115234
IMAGE,SSP2-Ref-SPA0-V17,RUS,Population,million,158.77040100097656,158.4550018310547,156.2176055908203,154.2487030029297,152.739501953125,150.7895965576172,148.08360290527344,144.49009704589844,140.0718994140625,135.0946044921875
IMAGE,SSP3-Ref-SPA0-V17,RUS,Population,million,158.77040100097656,158.49180603027344,155.45750427246094,152.7216033935547,151.88589477539062,152.16050720214844,153.89059448242188,157.66510009765625,162.46929931640625,167.414794921875
IMAGE,SSP4-Ref-SPA0-V17,RUS,Population,million,158.77040100097656,157.20150756835938,152.7772979736328,147.773193359375,141.85069274902344,134.95339965820312,126.8104019165039,117.37110137939453,107.36869812011719,97.12960052490234
IMAGE,SSP5-Ref-SPA0-V17,RUS,Population,million,158.77040100097656,158.23919677734375,156.66229248046875,155.38189697265625,152.7863006591797,148.44769287109375,142.12429809570312,133.097900390625,122.28469848632812,110.63590240478516
IMAGE,SSP1-Ref-SPA0-V17,SAF,Population,million,50.42721176147461,55.03007125854492,58.81113052368164,61.3931884765625,62.709869384765625,62.58012008666992,60.93552017211914,57.877681732177734,53.840118408203125,49.2221794128418
IMAGE,SSP2-Ref-SPA0-V17,SAF,Population,million,50.42721176147461,55.11857986450195,58.928810119628906,61.61347961425781,63.41498947143555,64.41783905029297,64.40376281738281,63.2530403137207,61.35799026489258,58.82722091674805
IMAGE,SSP3-Ref-SPA0-V17,SAF,Population,million,50.42721176147461,54.325958251953125,57.341548919677734,59.771728515625,61.98664855957031,64.00643920898438,65.91658020019531,67.75430297851562,69.6895980834961,71.59673309326172
IMAGE,SSP4-Ref-SPA0-V17,SAF,Population,million,50.42721176147461,54.44968032836914,56.78630828857422,57.4049186706543,56.57809829711914,54.76049041748047,51.864601135253906,48.018150329589844,43.65972900390625,38.99953842163086
IMAGE,SSP5-Ref-SPA0-V17,SAF,Population,million,50.42721176147461,55.43844985961914,60.0694694519043,63.50954055786133,65.65807342529297,66.1871566772461,64.88858795166016,61.871978759765625,57.641300201416016,52.678340911865234
IMAGE,SSP1-Ref-SPA0-V17,SEAS,Population,million,355.92919921875,389.80120849609375,411.4841003417969,421.7604064941406,420.1767883300781,408.9966125488281,390.9465026855469,366.9075012207031,337.5741882324219,304.5939025878906
IMAGE,SSP2-Ref-SPA0-V17,SEAS,Population,million,355.92919921875,394.8186950683594,425.86590576171875,446.6094970703125,456.7687072753906,458.1705017089844,452.48541259765625,440.9455871582031,425.6235046386719,408.5804138183594
IMAGE,SSP3-Ref-SPA0-V17,SEAS,Population,million,355.92919921875,400.0401916503906,443.0201110839844,477.5950927734375,506.606201171875,531.5925903320312,552.8380737304688,573.1353149414062,594.4152221679688,616.2615966796875
IMAGE,SSP4-Ref-SPA0-V17,SEAS,Population,million,355.92919921875,394.38848876953125,425.5397033691406,446.4660949707031,458.2956848144531,462.4194030761719,460.48541259765625,454.67401123046875,447.08819580078125,439.0993957519531
IMAGE,SSP5-Ref-SPA0-V17,SEAS,Population,million,355.92919921875,389.2195129394531,409.6701965332031,418.735595703125,416.0148010253906,403.7608947753906,384.83428955078125,360.2528076171875,330.7499084472656,297.952392578125
IMAGE,SSP1-Ref-SPA0-V17,STAN,Population,million,61.520870208740234,66.62177276611328,69.14234161376953,69.84136962890625,68.80599212646484,66.1871566772461,62.73860168457031,58.595069885253906,53.949039459228516,49.26451110839844
IMAGE,SSP2-Ref-SPA0-V17,STAN,Population,million,61.520870208740234,67.6044692993164,71.81891632080078,74.35569763183594,75.45691680908203,74.90682220458984,73.48139953613281,71.38227844238281,68.90933227539062,66.46575927734375
IMAGE,SSP3-Ref-SPA0-V17,STAN,Population,million,61.520870208740234,69.05825805664062,76.46597290039062,82.45736694335938,87.84194946289062,92.01587677001953,95.16758728027344,97.93940734863281,100.47010040283203,102.80120086669922
IMAGE,SSP4-Ref-SPA0-V17,STAN,Population,million,61.520870208740234,66.8608627319336,69.76943969726562,70.68122100830078,69.8231430053711,67.30256652832031,63.8297004699707,59.77531051635742,55.49298858642578,51.335269927978516
IMAGE,SSP5-Ref-SPA0-V17,STAN,Population,million,61.520870208740234,65.94908142089844,67.04930114746094,66.31481170654297,63.84387969970703,60.02048110961914,55.74726867675781,51.21268081665039,46.611228942871094,42.304588317871094
IMAGE,SSP1-Ref-SPA0-V17,TUR,Population,million,75.98284149169922,83.35427856445312,88.10006713867188,90.8531265258789,91.22913360595703,89.40245056152344,85.95381164550781,81.09522247314453,75.24445343017578,68.57067108154297
IMAGE,SSP2-Ref-SPA0-V17,TUR,Population,million,75.98284149169922,84.60965728759766,91.66673278808594,96.86788940429688,100.13790130615234,101.33689880371094,100.97550201416016,99.25018310546875,96.63603210449219,93.66155242919922
IMAGE,SSP3-Ref-SPA0-V17,TUR,Population,million,75.98284149169922,86.28801727294922,96.52845764160156,105.489501953125,114.07769775390625,122.06009674072266,129.55059814453125,137.5915069580078,146.28619384765625,155.39129638671875
IMAGE,SSP4-Ref-SPA0-V17,TUR,Population,million,75.98284149169922,84.53550720214844,90.80613708496094,94.598388671875,95.90702819824219,94.79055786132812,91.70118713378906,87.22277069091797,82.00282287597656,76.42149353027344
IMAGE,SSP5-Ref-SPA0-V17,TUR,Population,million,75.98284149169922,83.32398986816406,88.01129913330078,90.73512268066406,91.10588073730469,89.30845642089844,85.92144012451172,81.1443099975586,75.37812805175781,68.78687286376953
IMAGE,SSP1-Ref-SPA0-V17,UKR,Population,million,58.61281967163086,55.22999954223633,52.336158752441406,49.95729064941406,47.555419921875,44.936561584472656,41.95671844482422,38.509910583496094,34.8241081237793,31.079309463500977
IMAGE,SSP2-Ref-SPA0-V17,UKR,Population,million,58.61281967163086,55.40298843383789,52.85612869262695,50.884239196777344,49.26633071899414,47.806400299072266,46.165489196777344,44.280601501464844,42.26171112060547,40.17182159423828
IMAGE,SSP3-Ref-SPA0-V17,UKR,Population,million,58.61281967163086,55.62097930908203,53.078121185302734,50.952239990234375,49.654300689697266,48.89434051513672,48.60935974121094,48.983341217041016,49.73429870605469,50.53226089477539
IMAGE,SSP4-Ref-SPA0-V17,UKR,Population,million,58.61281967163086,55.03200912475586,51.74119186401367,48.81135177612305,45.89950942993164,42.95267105102539,39.72483825683594,36.202030181884766,32.62622833251953,29.10141944885254
IMAGE,SSP5-Ref-SPA0-V17,UKR,Population,million,58.61281967163086,55.21500015258789,52.678138732910156,50.86824035644531,49.01333999633789,46.908451080322266,44.26359939575195,40.91477966308594,37.14297866821289,33.174198150634766
IMAGE,SSP1-Ref-SPA0-V17,USA,Population,million,316.580810546875,343.4447021484375,370.9469909667969,396.5633850097656,419.2648010253906,440.5790100097656,459.96551513671875,474.5448913574219,479.9975891113281,475.8208923339844
IMAGE,SSP2-Ref-SPA0-V17,USA,Population,million,316.580810546875,342.4543151855469,368.23699951171875,390.8843078613281,410.33709716796875,429.3338928222656,446.37548828125,458.52020263671875,465.3203125,467.7152099609375
IMAGE,SSP3-Ref-SPA0-V17,USA,Population,million,316.580810546875,335.3380126953125,344.08221435546875,345.68450927734375,340.9049987792969,332.6188049316406,321.6081848144531,306.57501220703125,287.8667907714844,267.00030517578125
IMAGE,SSP4-Ref-SPA0-V17,USA,Population,million,316.580810546875,340.2950134277344,360.8279113769531,376.5669860839844,386.7237854003906,393.8594970703125,397.4324951171875,394.85809326171875,385.77020263671875,371.8629150390625
IMAGE,SSP5-Ref-SPA0-V17,USA,Population,million,316.580810546875,349.7908935546875,392.5060119628906,437.2611083984375,485.21270751953125,538.3101196289062,592.7415161132812,645.0872192382812,690.8438110351562,727.4105224609375
IMAGE,SSP1-Ref-SPA0-V17,WAF,Population,million,417.0736999511719,517.8756103515625,618.7341918945312,715.2423706054688,797.3560180664062,860.7617797851562,906.1314086914062,931.8333740234375,938.5523071289062,928.0501708984375
IMAGE,SSP2-Ref-SPA0-V17,WAF,Population,million,417.0736999511719,530.42431640625,655.7576293945312,785.934326171875,913.1135864257812,1024.3709716796875,1120.095947265625,1197.843994140625,1255.2099609375,1294.468017578125
IMAGE,SSP3-Ref-SPA0-V17,WAF,Population,million,417.0736999511719,543.052978515625,698.290771484375,874.1925048828125,1064.553955078125,1254.4139404296875,1435.5069580078125,1606.2530517578125,1763.095947265625,1904.14599609375
IMAGE,SSP4-Ref-SPA0-V17,WAF,Population,million,417.0736999511719,542.3786010742188,695.6102905273438,867.782470703125,1052.7640380859375,1235.60498046875,1408.85302734375,1571.490966796875,1719.739990234375,1851.3310546875
IMAGE,SSP5-Ref-SPA0-V17,WAF,Population,million,417.0736999511719,516.990478515625,615.3458862304688,708.4395141601562,786.2675170898438,844.7943725585938,885.8754272460938,908.548583984375,913.7374267578125,903.3112182617188
IMAGE,SSP1-Ref-SPA0-V17,WEU,Population,million,409.8966979980469,428.1326904296875,444.4028015136719,459.81878662109375,473.1803894042969,482.3743896484375,484.9330139160156,480.4523010253906,467.96978759765625,449.5318908691406
IMAGE,SSP2-Ref-SPA0-V17,WEU,Population,million,409.8966979980469,426.3229064941406,439.5671081542969,450.7489929199219,459.1913146972656,463.9722900390625,465.05218505859375,463.75750732421875,459.35040283203125,450.4267883300781
IMAGE,SSP3-Ref-SPA0-V17,WEU,Population,million,409.8966979980469,418.34100341796875,414.42510986328125,404.37579345703125,387.8243103027344,365.3362121582031,340.62078857421875,315.831787109375,290.73748779296875,265.1877136230469
IMAGE,SSP4-Ref-SPA0-V17,WEU,Population,million,409.8966979980469,423.6788024902344,430.86529541015625,434.26611328125,432.5259094238281,424.68218994140625,411.5989990234375,394.9590148925781,374.4219970703125,349.43499755859375
IMAGE,SSP5-Ref-SPA0-V17,WEU,Population,million,409.8966979980469,434.4580078125,464.9667053222656,498.31439208984375,535.0192260742188,573.1181030273438,607.0703735351562,635.4213256835938,656.6326293945312,671.4199829101562
IMAGE,SSP1-Ref-SPA0-V17,BRA,Emissions|CO2,Mt CO2/yr,1246.6490988275243,1577.4296978159286,1113.6422425328808,1624.5562338716452,1402.3064169569095,1144.4649354067767,977.1442871982063,748.4429474557355,545.4951070645644,167.9115524444639
IMAGE,SSP2-Ref-SPA0-V17,BRA,Emissions|CO2,Mt CO2/yr,1246.6490988275243,1577.4296978159286,1702.0179241456142,2142.4612632156027,2197.2976686567854,1703.0038555421884,1464.9829408070084,1718.5175884537548,1451.6640829770215,1448.5470582371547
IMAGE,SSP3-Ref-SPA0-V17,BRA,Emissions|CO2,Mt CO2/yr,1246.6490988275243,1577.4296978159286,2291.76267517579,2032.8421632707414,2801.405619558059,2454.5468752231404,1811.4165854511325,1768.5777487773162,1810.4397177752624,1709.3274232510964
IMAGE,SSP4-Ref-SPA0-V17,BRA,Emissions|CO2,Mt CO2/yr,1246.6490988275243,1577.4296978159286,1749.0773215294496,2284.371154992826,2370.3574424355393,1315.569519162566,1104.062673033312,1501.0196229391906,873.6262462138607,598.9657440730061
IMAGE,SSP5-Ref-SPA0-V17,BRA,Emissions|CO2,Mt CO2/yr,1246.6490988275243,1577.4296978159286,2579.058227773522,3078.3647260285493,3764.5705162927543,2551.11153180744,2255.8148398860635,2225.008036497846,2276.496236372319,1787.8080547686477
IMAGE,SSP1-Ref-SPA0-V17,CAN,Emissions|CO2,Mt CO2/yr,553.2779897557016,511.5769857235903,458.9196218272017,465.22447463132306,351.6081899326805,365.87487796294886,401.162292516938,283.9952392836302,146.50540798247556,275.0645930222389
IMAGE,SSP2-Ref-SPA0-V17,CAN,Emissions|CO2,Mt CO2/yr,553.2779897557016,511.5769857235903,547.7626038095622,594.3058167044184,542.9281158940836,600.2065786271554,647.4456838560592,605.9140930726612,573.6313019320311,621.4296163488112
IMAGE,SSP3-Ref-SPA0-V17,CAN,Emissions|CO2,Mt CO2/yr,553.2779897557016,511.5769857235903,546.3755188484986,591.0714111865462,539.7410431398877,558.4025167337065,565.7853648382189,495.35751347276687,352.2631556513273,368.6066945728977
IMAGE,SSP4-Ref-SPA0-V17,CAN,Emissions|CO2,Mt CO2/yr,553.2779897557016,511.5769857235903,504.58980819203066,519.8981527165342,411.01391350985836,444.34132643606523,494.21425378841815,434.9297434884323,330.693598459425,434.176979104412
IMAGE,SSP5-Ref-SPA0-V17,CAN,Emissions|CO2,Mt CO2/yr,553.2779897557016,511.5769857235903,695.4680176413493,835.1999309027501,870.51140348083,1047.149780368633,1263.7313030120201,1226.7009685359974,1227.7657878720318,1451.4463298845537
IMAGE,SSP1-Ref-SPA0-V17,CEU,Emissions|CO2,Mt CO2/yr,680.272242290033,784.9328715720086,642.6658580092706,622.7085520992531,593.8694712860845,564.0543060815511,446.77745314527107,337.4541270244927,189.42293677462587,188.1082496814074
IMAGE,SSP2-Ref-SPA0-V17,CEU,Emissions|CO2,Mt CO2/yr,680.272242290033,784.9328715720086,745.3680522324743,797.2594757804859,842.4115194450724,880.9595795478607,871.7833456196175,823.541412428383,742.0874888776839,720.733586694753
IMAGE,SSP3-Ref-SPA0-V17,CEU,Emissions|CO2,Mt CO2/yr,680.272242290033,784.9328715720086,791.5816142483942,854.9944255334559,898.5514781497203,879.662292560438,855.0347646854779,822.0274353774641,782.6613465066979,774.2548015026784
IMAGE,SSP4-Ref-SPA0-V17,CEU,Emissions|CO2,Mt CO2/yr,680.272242290033,784.9328715720086,715.3725077961536,717.0951182699431,700.3777008693347,702.3753001533705,630.8224843916573,598.0315094537806,491.79312138259905,511.40684513926493
IMAGE,SSP5-Ref-SPA0-V17,CEU,Emissions|CO2,Mt CO2/yr,680.272242290033,784.9328715720086,874.7475179831683,1031.4307150188965,1172.1068218025187,1290.378418086057,1313.8000794651396,1305.8246766323832,1261.4495952481407,1254.4612427898232
IMAGE,SSP1-Ref-SPA0-V17,CHN,Emissions|CO2,Mt CO2/yr,8927.8015958637,11391.3137217387,10945.898764015914,10184.10042410291,8704.409750140268,6913.807943336861,4988.21040898212,2871.9166669277497,2058.73352069497,1872.1256105217558
IMAGE,SSP2-Ref-SPA0-V17,CHN,Emissions|CO2,Mt CO2/yr,8927.8015958637,11391.3137217387,12977.036947794313,13249.965495996208,12804.971273950547,11696.178793380997,10082.823975525995,8287.719401795095,7073.575602856594,6438.468831965523
IMAGE,SSP3-Ref-SPA0-V17,CHN,Emissions|CO2,Mt CO2/yr,8927.8015958637,11391.3137217387,12832.123048041556,13474.244467370765,13825.96606571003,13086.201742726113,12288.749187315076,11305.341309621508,10261.379720984936,9777.687663649296
IMAGE,SSP4-Ref-SPA0-V17,CHN,Emissions|CO2,Mt CO2/yr,8927.8015958637,11391.3137217387,12230.140707492039,11540.52181094497,10599.717448880278,10163.772624621895,9124.855388199323,6959.351685202981,5515.1178390430405,5099.0353194739655
IMAGE,SSP5-Ref-SPA0-V17,CHN,Emissions|CO2,Mt CO2/yr,8927.8015958637,11391.3137217387,14822.559083378756,16614.026531458283,15944.405112126575,14371.118653650215,12601.878581874791,10561.170004215315,8962.884685059598,8069.556315837763
IMAGE,SSP1-Ref-SPA0-V17,EAF,Emissions|CO2,Mt CO2/yr,139.81450781503787,283.5259959160746,355.40099337947714,408.6584371302497,544.8296509284362,685.7169088351243,865.8987529270254,993.8312684008952,1062.3161825510012,804.7016856607198
IMAGE,SSP2-Ref-SPA0-V17,EAF,Emissions|CO2,Mt CO2/yr,139.81450781503787,283.5259959160746,583.739196830411,571.1496887726258,559.4083099873787,653.4780935245764,940.4439392944793,1525.6963298913038,2298.461771856086,2935.4419354882125
IMAGE,SSP3-Ref-SPA0-V17,EAF,Emissions|CO2,Mt CO2/yr,139.81450781503787,283.5259959160746,633.1929830490994,636.7118886890678,620.2258199619831,578.4819590776543,782.114669870906,1117.9751486205143,1664.0920716844842,1998.8388877142647
IMAGE,SSP4-Ref-SPA0-V17,EAF,Emissions|CO2,Mt CO2/yr,139.81450781503787,283.5259959160746,586.8661245243801,566.1157430527671,434.5751673775602,288.2431869768875,316.9926936119881,378.91552992132836,584.9440562462106,609.7431793767203
IMAGE,SSP5-Ref-SPA0-V17,EAF,Emissions|CO2,Mt CO2/yr,139.81450781503787,283.5259959160746,708.380574608669,930.2590027701159,1494.7712505427892,2322.53769959265,3519.0734866480407,4571.721029061444,5287.721842928619,5220.680745917315
IMAGE,SSP1-Ref-SPA0-V17,INDIA,Emissions|CO2,Mt CO2/yr,1747.3393251100208,2777.194966886587,3855.687093449475,5034.406738738923,5796.384115110277,6599.479452097348,7067.3715419836335,5930.103760304725,4744.941488061567,4224.832519915326
IMAGE,SSP2-Ref-SPA0-V17,INDIA,Emissions|CO2,Mt CO2/yr,1747.3393251100208,2777.194966886587,3976.140584671363,5057.536011201963,6654.475871373182,8369.324219510847,9969.512696218819,10946.38216245346,11676.111491946882,12013.602377394229
IMAGE,SSP3-Ref-SPA0-V17,INDIA,Emissions|CO2,Mt CO2/yr,1747.3393251100208,2777.194966886587,4202.516968155484,4931.31083215403,5922.24585014776,6988.846151351495,8047.115886148223,8994.362875166627,10017.795248306542,11194.956381226057
IMAGE,SSP4-Ref-SPA0-V17,INDIA,Emissions|CO2,Mt CO2/yr,1747.3393251100208,2777.194966886587,3782.394043312604,4601.501505952172,5660.423828639584,6741.925781862902,7568.589925818262,7838.6583665980215,8006.334961665349,7547.840495477833
IMAGE,SSP5-Ref-SPA0-V17,INDIA,Emissions|CO2,Mt CO2/yr,1747.3393251100208,2777.194966886587,4932.220337362446,7851.719076234625,11583.649008214517,14931.462485081363,17434.398439084944,17970.11312012323,17206.907553647598,15763.528158985131
IMAGE,SSP1-Ref-SPA0-V17,INDO,Emissions|CO2,Mt CO2/yr,1329.2062786039098,1635.057281642782,1663.3353069545976,1577.0029196583378,1600.9216310049133,1701.64384984545,1628.2613933771904,1377.8947958609401,1234.243215037334,970.9406739163923
IMAGE,SSP2-Ref-SPA0-V17,INDO,Emissions|CO2,Mt CO2/yr,1329.2062786039098,1635.057281642782,1762.1934205703556,1894.4008790784683,1847.3649802297912,1967.133992691851,2101.7752280556538,2096.5102134067374,2140.793538606076,2190.9839479530865
IMAGE,SSP3-Ref-SPA0-V17,INDO,Emissions|CO2,Mt CO2/yr,1329.2062786039098,1635.057281642782,1987.4682822444809,1928.7675986453946,1929.880981620756,1968.8249920409633,2002.3847047718787,2112.685709827479,2224.851827187936,2282.7573651163775
IMAGE,SSP4-Ref-SPA0-V17,INDO,Emissions|CO2,Mt CO2/yr,1329.2062786039098,1635.057281642782,1714.7269390393478,1785.6784160965792,1812.4307150898965,1928.1203818484607,2042.9382529526488,1952.7643027491386,1844.3927512256148,1714.268941399332
IMAGE,SSP5-Ref-SPA0-V17,INDO,Emissions|CO2,Mt CO2/yr,1329.2062786039098,1635.057281642782,2172.386759637594,2844.153707127049,3209.7457074858053,3446.7147830281815,3690.85203077173,3500.2325849536196,3276.7612918017935,3090.341817500992
IMAGE,SSP1-Ref-SPA0-V17,JAP,Emissions|CO2,Mt CO2/yr,1154.4339092032558,1064.6236268057683,927.3212942330649,923.6256460393696,950.2731527556592,941.3055522502867,850.5082754272538,723.7255656582412,619.9182129469812,539.5162404868724
IMAGE,SSP2-Ref-SPA0-V17,JAP,Emissions|CO2,Mt CO2/yr,1154.4339092032558,1064.6236268057683,976.5935262932082,954.2049052788032,978.6333110427427,1004.3935242612304,964.7715251528107,891.2731425777696,860.9326172657666,839.1214447784322
IMAGE,SSP3-Ref-SPA0-V17,JAP,Emissions|CO2,Mt CO2/yr,1154.4339092032558,1064.6236268057683,1057.6107687322142,1054.9411113426486,1045.6309917128958,992.1699219651972,902.9405009772678,805.6777700520845,710.4786581049535,633.677724260081
IMAGE,SSP4-Ref-SPA0-V17,JAP,Emissions|CO2,Mt CO2/yr,1154.4339092032558,1064.6236268057683,963.9772746644571,878.8908132716309,858.6171163703738,871.9810130594142,795.4587606517415,661.2415060008681,584.5007731651156,552.8090261326121
IMAGE,SSP5-Ref-SPA0-V17,JAP,Emissions|CO2,Mt CO2/yr,1154.4339092032558,1064.6236268057683,1186.4409282491342,1397.045878219452,1590.8012595033422,1731.776580967981,1765.5703838681886,1712.8892416921756,1708.7451071703144,1788.903645995961
IMAGE,SSP1-Ref-SPA0-V17,KOR,Emissions|CO2,Mt CO2/yr,696.3106079734572,784.5717214661814,732.374872910004,645.3157094906312,555.1171977229912,457.5288722136313,397.53193668164704,313.36798861491377,247.27799481414647,205.52686057369726
IMAGE,SSP2-Ref-SPA0-V17,KOR,Emissions|CO2,Mt CO2/yr,696.3106079734572,784.5717214661814,861.0873159555592,839.708460566246,795.2505188711236,739.1790975606876,667.3989614457638,577.9128469356756,508.66126510158045,472.1137695741694
IMAGE,SSP3-Ref-SPA0-V17,KOR,Emissions|CO2,Mt CO2/yr,696.3106079734572,784.5717214661814,845.7133433792918,828.4041545349448,779.823003204031,701.3629608791899,615.9974264069112,524.1063487211486,435.6432597238487,368.35993197928804
IMAGE,SSP4-Ref-SPA0-V17,KOR,Emissions|CO2,Mt CO2/yr,696.3106079734572,784.5717214661814,796.6640117097937,731.40208950334,650.509948789606,576.0183055129772,502.86758936049387,420.2770080948476,374.25557457829404,360.03400933041917
IMAGE,SSP5-Ref-SPA0-V17,KOR,Emissions|CO2,Mt CO2/yr,696.3106079734572,784.5717214661814,906.542994263728,927.2791087675663,924.5709025905622,911.4592794611151,893.9575145262559,853.3730266075272,797.5337372551202,793.7739156808852
IMAGE,SSP1-Ref-SPA0-V17,ME,Emissions|CO2,Mt CO2/yr,1551.1386414984345,2006.2675579623358,2237.6097414143564,2453.2956341748495,2584.2084352935217,2689.5734051924233,2656.272623939396,2327.181681526666,2067.5582277270223,1820.2613221869626
IMAGE,SSP2-Ref-SPA0-V17,ME,Emissions|CO2,Mt CO2/yr,1551.1386414984345,2006.2675579623358,2217.2087607809913,2586.1136070059347,2907.6814374388136,3267.9041344116654,3532.864441239138,3756.79720086236,4075.6468102663466,4345.6051436242215
IMAGE,SSP3-Ref-SPA0-V17,ME,Emissions|CO2,Mt CO2/yr,1551.1386414984345,2006.2675579623358,2412.44264751749,2972.732768011134,3394.455607404941,3681.205098804707,3911.735799509258,4383.6356205157,4980.678792770497,5657.985799668008
IMAGE,SSP4-Ref-SPA0-V17,ME,Emissions|CO2,Mt CO2/yr,1551.1386414984345,2006.2675579623358,2673.4131268706415,3241.209350880593,3668.258077319155,3936.1666670245,4015.8835452869553,3966.838297886663,4314.05354856927,4552.760620531075
IMAGE,SSP5-Ref-SPA0-V17,ME,Emissions|CO2,Mt CO2/yr,1551.1386414984345,2006.2675579623358,2859.5036216792255,3735.413086277083,4420.283935948719,5007.416545051574,5458.959025561373,5772.319824743506,5912.565796435943,5894.0458175931135
IMAGE,SSP1-Ref-SPA0-V17,MEX,Emissions|CO2,Mt CO2/yr,538.3946330242054,572.8777822379521,525.2463074207965,572.0759227001189,564.829086355059,525.1421865304876,502.6002655486206,369.88599399114554,266.731956506182,218.91635388139235
IMAGE,SSP2-Ref-SPA0-V17,MEX,Emissions|CO2,Mt CO2/yr,538.3946330242054,572.8777822379521,621.4292247065587,726.4418284758709,763.7981771527695,824.1082866146324,902.8576406663879,931.9416097852428,957.7535197810789,1035.594991142322
IMAGE,SSP3-Ref-SPA0-V17,MEX,Emissions|CO2,Mt CO2/yr,538.3946330242054,572.8777822379521,789.6830445053831,958.3262126522247,964.7058411521537,1040.1229350717701,1148.5554708889192,1262.2137452319341,1361.7614849056974,1519.5557150632717
IMAGE,SSP4-Ref-SPA0-V17,MEX,Emissions|CO2,Mt CO2/yr,538.3946330242054,572.8777822379521,609.9576874333803,638.3332876149964,685.6751150118783,633.7459259609335,619.5196330315804,553.7183634943484,522.0420583563777,469.5327911803801
IMAGE,SSP5-Ref-SPA0-V17,MEX,Emissions|CO2,Mt CO2/yr,538.3946330242054,572.8777822379521,758.8936412229616,978.9152934646434,1173.5885722909347,1258.7772523116998,1274.1123963560628,1185.8329875752509,1105.8428549182395,1056.2035421695862
IMAGE,SSP1-Ref-SPA0-V17,NAF,Emissions|CO2,Mt CO2/yr,435.47569278861215,583.2680512004853,698.7511546452286,787.0012462059857,795.1438243317259,823.1226909114179,861.1122691619418,814.5324097420171,699.4896240870274,592.5769399545868
IMAGE,SSP2-Ref-SPA0-V17,NAF,Emissions|CO2,Mt CO2/yr,435.47569278861215,583.2680512004853,714.994517073463,786.485677154832,837.4519857532154,1011.374491465641,1194.148223985512,1307.8002320524847,1437.3014425948563,1585.0949199845943
IMAGE,SSP3-Ref-SPA0-V17,NAF,Emissions|CO2,Mt CO2/yr,435.47569278861215,583.2680512004853,827.8684438822269,958.0134583390452,1069.2924500483803,1264.0983277516368,1507.1679587144893,1796.6780804042198,2055.18345152147,2311.5144248520646
IMAGE,SSP4-Ref-SPA0-V17,NAF,Emissions|CO2,Mt CO2/yr,435.47569278861215,583.2680512004853,812.6851451341018,932.2254385206202,1018.1156617136497,1185.9312338317702,1303.2125347050624,1321.4677633851074,1330.4242860096194,1325.982950966898
IMAGE,SSP5-Ref-SPA0-V17,NAF,Emissions|CO2,Mt CO2/yr,435.47569278861215,583.2680512004853,932.8388621860405,1287.8942872264563,1600.2462159657894,1968.6220094563093,2267.320841677474,2358.6130983589505,2284.066121626913,2184.318420608731
IMAGE,SSP1-Ref-SPA0-V17,OCE,Emissions|CO2,Mt CO2/yr,236.0462544973702,388.3960698798725,246.52313234662992,348.2449620881365,196.9342155635574,243.92651623718163,300.0696360542973,153.36442058685887,242.79769136728734,155.38956071358922
IMAGE,SSP2-Ref-SPA0-V17,OCE,Emissions|CO2,Mt CO2/yr,236.0462544973702,388.3960698798725,367.53163658940156,489.4570872433893,521.4110107895884,453.80169681859843,526.8548940501745,476.2655131455104,500.99682621742016,532.1143697586605
IMAGE,SSP3-Ref-SPA0-V17,OCE,Emissions|CO2,Mt CO2/yr,236.0462544973702,388.3960698798725,479.5409851510165,560.536183726088,591.276743624716,493.6202443889501,520.1214447494322,393.24339806634833,425.33333337199997,356.0508957232862
IMAGE,SSP4-Ref-SPA0-V17,OCE,Emissions|CO2,Mt CO2/yr,236.0462544973702,388.3960698798725,285.5101954401807,452.25546523073,388.984568313357,337.88437401346414,387.609931981038,386.96277113299743,396.5335007074352,402.48998772783347
IMAGE,SSP5-Ref-SPA0-V17,OCE,Emissions|CO2,Mt CO2/yr,236.0462544973702,388.3960698798725,460.63269301469467,685.8247223523867,886.224146605631,913.1231995459018,1074.7506002767411,1036.1666769333897,1216.4580689582433,1269.8994446955235
IMAGE,SSP1-Ref-SPA0-V17,RCAM,Emissions|CO2,Mt CO2/yr,308.76062523151967,302.3335800445747,307.2730560582073,334.7481028543249,365.06110131085666,434.1333389676893,396.2163264316902,317.85360720663016,259.10497540604194,172.23331071512047
IMAGE,SSP2-Ref-SPA0-V17,RCAM,Emissions|CO2,Mt CO2/yr,308.76062523151967,302.3335800445747,339.74551394690155,384.7847646427278,494.63442997660735,662.0973562206724,806.2937673665937,909.1881460380571,996.8955892833352,1070.576141454747
IMAGE,SSP3-Ref-SPA0-V17,RCAM,Emissions|CO2,Mt CO2/yr,308.76062523151967,302.3335800445747,435.18235274138493,515.5124308736877,606.0079753155082,750.7723796255436,926.2909394152629,1115.0227255245427,1335.1356304110896,1590.5582175111326
IMAGE,SSP4-Ref-SPA0-V17,RCAM,Emissions|CO2,Mt CO2/yr,308.76062523151967,302.3335800445747,381.8525390972139,404.83337914650355,441.291776061439,529.9587148512379,573.2078247591411,638.0891266449221,695.1009929017326,732.1171163588738
IMAGE,SSP5-Ref-SPA0-V17,RCAM,Emissions|CO2,Mt CO2/yr,308.76062523151967,302.3335800445747,451.05060581493035,674.619389913217,896.5285899659427,1082.5825501472448,1098.1740520204069,1049.6709493955548,971.3561503975499,966.8398438378945
IMAGE,SSP1-Ref-SPA0-V17,RSAF,Emissions|CO2,Mt CO2/yr,293.1827748883066,786.5278626203307,484.6511892123535,709.9455211013243,457.8170649626809,552.8974253839223,731.6210175225657,739.708206244004,634.6625926276836,625.5670929523775
IMAGE,SSP2-Ref-SPA0-V17,RSAF,Emissions|CO2,Mt CO2/yr,293.1827748883066,786.5278626203307,787.6436513981014,1436.2590028161158,1105.8586325061315,909.927342815468,1223.8728638807925,1723.569102126089,2153.8242596359064,2649.995605709659
IMAGE,SSP3-Ref-SPA0-V17,RSAF,Emissions|CO2,Mt CO2/yr,293.1827748883066,786.5278626203307,1018.210551036575,1361.5264995541136,1586.9033001117118,841.6444601188308,1100.7021587100899,1346.0857239993245,1657.2027487671912,2255.430359091758
IMAGE,SSP4-Ref-SPA0-V17,RSAF,Emissions|CO2,Mt CO2/yr,293.1827748883066,786.5278626203307,731.7232920993979,1821.2615765002047,892.0783590491969,506.3523661755893,487.0305277949265,864.8489838432711,878.4328715805085,1075.517995296342
IMAGE,SSP5-Ref-SPA0-V17,RSAF,Emissions|CO2,Mt CO2/yr,293.1827748883066,786.5278626203307,979.6218160884055,1743.8813478147847,1928.8412273888907,1939.1570843234224,2625.9129641059067,3117.2541303289595,3668.85203076973,3696.6966759545526
IMAGE,SSP1-Ref-SPA0-V17,RSAM,Emissions|CO2,Mt CO2/yr,1119.9411927287658,1383.484314090615,1433.0073650391275,1299.726582963209,1431.3225200682712,1322.2604473044503,943.5788676801809,675.8550212202955,517.0905813051462,414.06603753357336
IMAGE,SSP2-Ref-SPA0-V17,RSAM,Emissions|CO2,Mt CO2/yr,1119.9411927287658,1383.484314090615,1633.860422918715,1711.800252434264,2165.7156374039146,1962.2552492018242,2038.2848716045694,2210.9919435603742,2176.3528647811836,2217.4900718161734
IMAGE,SSP3-Ref-SPA0-V17,RSAM,Emissions|CO2,Mt CO2/yr,1119.9411927287658,1383.484314090615,1917.5984091912542,2030.601521994496,2565.5344850965116,2822.533935803469,3000.9715171998987,3272.741923311845,3457.1881920460605,3614.8611250031026
IMAGE,SSP4-Ref-SPA0-V17,RSAM,Emissions|CO2,Mt CO2/yr,1119.9411927287658,1383.484314090615,1630.6696575375656,1671.5698650608151,2253.958008017405,1726.5640463809186,1453.0255433449838,1690.7733155833942,1272.2988689307676,1271.3070069515109
IMAGE,SSP5-Ref-SPA0-V17,RSAM,Emissions|CO2,Mt CO2/yr,1119.9411927287658,1383.484314090615,2041.7532553939473,2477.9655153619883,3286.3974815813153,2945.5677899813204,2942.542521426358,2847.092142999712,2518.1162315114716,2268.5317995226364
IMAGE,SSP1-Ref-SPA0-V17,RSAS,Emissions|CO2,Mt CO2/yr,241.61848451903563,417.04411319709277,661.3878123566756,970.4206849026732,1321.3717550843173,1693.6022035231044,1910.6929729927097,1973.5522259281117,2014.6829428914862,2094.969380887066
IMAGE,SSP2-Ref-SPA0-V17,RSAS,Emissions|CO2,Mt CO2/yr,241.61848451903563,417.04411319709277,668.5191142372067,944.9223125045218,1352.6402487395037,1935.712199069203,2548.6757407915934,3258.0578005891557,4059.70406124146,4951.063477012596
IMAGE,SSP3-Ref-SPA0-V17,RSAS,Emissions|CO2,Mt CO2/yr,241.61848451903563,417.04411319709277,768.1116689744507,1020.0751038524996,1391.1171977989911,1861.9377646549442,2304.9227500467778,2866.1868288738438,3528.380920730918,4403.732462965443
IMAGE,SSP4-Ref-SPA0-V17,RSAS,Emissions|CO2,Mt CO2/yr,241.61848451903563,417.04411319709277,617.91619370038,750.942520209869,850.6560364542854,1028.9609070759636,1160.9110006751987,1277.2228191265278,1388.23415133063,1483.850921765755
IMAGE,SSP5-Ref-SPA0-V17,RSAS,Emissions|CO2,Mt CO2/yr,241.61848451903563,417.04411319709277,853.8262126427247,1540.8920492937268,2524.3654990901646,3777.6674808121743,5084.3391117903375,6177.893351798605,6734.4201259377405,6879.9575201567
IMAGE,SSP1-Ref-SPA0-V17,RUS,Emissions|CO2,Mt CO2/yr,1692.2935589103552,1878.1987509845474,1967.2774456541038,1878.6004640379692,1636.800761053748,1403.5743307753842,1268.4808045586758,877.7376506331797,771.5553793019122,474.4710642928082
IMAGE,SSP2-Ref-SPA0-V17,RUS,Emissions|CO2,Mt CO2/yr,1692.2935589103552,1878.1987509845474,2084.6246543236257,2118.768025908761,2069.212524602173,2078.530029485832,2135.9056194975587,1978.9915773283458,1946.9212241353262,1884.2170615319694
IMAGE,SSP3-Ref-SPA0-V17,RUS,Emissions|CO2,Mt CO2/yr,1692.2935589103552,1878.1987509845474,2387.723531304305,2517.4175417327624,2458.609212463093,2425.0188397386855,2576.789164459514,2498.1017458325687,2582.6573081774955,2752.838623297133
IMAGE,SSP4-Ref-SPA0-V17,RUS,Emissions|CO2,Mt CO2/yr,1692.2935589103552,1878.1987509845474,2027.9164227103977,2001.4011232288206,1833.3660076536487,1652.0104676794797,1681.952748769441,1453.915466440768,1382.8730164831375,1231.605448516912
IMAGE,SSP5-Ref-SPA0-V17,RUS,Emissions|CO2,Mt CO2/yr,1692.2935589103552,1878.1987509845474,2445.7919924098446,2646.5316978317396,2623.873962640878,2633.9123130649673,2663.5961102681867,2375.385009981569,2260.9840700297627,2158.2502646818816
IMAGE,SSP1-Ref-SPA0-V17,SAF,Emissions|CO2,Mt CO2/yr,343.15699771186013,507.1513163709744,506.2251383923746,527.0855153880862,568.0711568713043,523.1192983467099,445.6705042926314,345.84620923961114,283.0273514051243,190.66820527856393
IMAGE,SSP2-Ref-SPA0-V17,SAF,Emissions|CO2,Mt CO2/yr,343.15699771186013,507.1513163709744,573.5095571403533,595.6822713757675,694.8355154033361,764.6609650353349,777.3487193496394,774.0993195283804,777.8052063695377,786.2649587710229
IMAGE,SSP3-Ref-SPA0-V17,SAF,Emissions|CO2,Mt CO2/yr,343.15699771186013,507.1513163709744,556.043375701591,614.9597422840956,724.7639771166689,785.875218780753,838.5006918079981,896.9422201336236,952.4321086477826,1012.6449789332045
IMAGE,SSP4-Ref-SPA0-V17,SAF,Emissions|CO2,Mt CO2/yr,343.15699771186013,507.1513163709744,539.0971832765479,482.723637942647,509.05799870350455,514.7307129374187,459.3508199473581,399.80782576063,347.5660782176321,263.9570312739961
IMAGE,SSP5-Ref-SPA0-V17,SAF,Emissions|CO2,Mt CO2/yr,343.15699771186013,507.1513163709744,700.9240418117672,906.7153168548896,1137.1499533097574,1260.5424398932405,1301.790201941261,1250.0729472978878,1156.1704509514605,1020.7237753206576
IMAGE,SSP1-Ref-SPA0-V17,SEAS,Emissions|CO2,Mt CO2/yr,1180.4590963801008,1514.173095840777,1769.3859864889782,1956.5527142078163,2118.012492054526,2329.6134442221996,2322.602376513229,1964.4529217280658,1738.9540406854305,1468.0746766471332
IMAGE,SSP2-Ref-SPA0-V17,SEAS,Emissions|CO2,Mt CO2/yr,1180.4590963801008,1514.173095840777,2070.5915529226104,2282.5895184366746,2334.169250700478,2649.147868079373,2907.087036397093,3216.1015017572163,3204.2058718733224,3467.1907351784803
IMAGE,SSP3-Ref-SPA0-V17,SEAS,Emissions|CO2,Mt CO2/yr,1180.4590963801008,1514.173095840777,2265.9731447372474,2714.9795738145244,2620.671224196576,2955.447469344198,3270.7573041710393,3582.595174479336,4098.512003953321,4475.001505940672
IMAGE,SSP4-Ref-SPA0-V17,SEAS,Emissions|CO2,Mt CO2/yr,1180.4590963801008,1514.173095840777,1980.7013755055846,2472.849548564648,2066.231119979506,2293.055542200647,2429.6153770112387,2814.159281668593,2562.8809409881974,2540.1446535512346
IMAGE,SSP5-Ref-SPA0-V17,SEAS,Emissions|CO2,Mt CO2/yr,1180.4590963801008,1514.173095840777,2493.3763023100037,3390.4066978993646,4130.478068409352,4615.5375166956355,5133.564290831271,5253.079183420261,5036.185018361481,4725.057251406113
IMAGE,SSP1-Ref-SPA0-V17,STAN,Emissions|CO2,Mt CO2/yr,469.57497664587873,485.14107772151254,541.427342781968,516.8251038067497,475.8178101018499,458.49136102394016,359.0169983236535,410.1350123460415,369.0833791432535,289.3777745827849
IMAGE,SSP2-Ref-SPA0-V17,STAN,Emissions|CO2,Mt CO2/yr,469.57497664587873,485.14107772151254,546.2306671639151,543.3626149989409,506.5756582084872,557.7326406350129,563.4925791934792,699.9795125961865,706.0496877676368,699.8753917058776
IMAGE,SSP3-Ref-SPA0-V17,STAN,Emissions|CO2,Mt CO2/yr,469.57497664587873,485.14107772151254,679.672749899028,756.7361959509557,832.1606191755858,925.5267894314695,989.8020529057371,1088.0569255546434,1138.4988811256353,1151.9229228749025
IMAGE,SSP4-Ref-SPA0-V17,STAN,Emissions|CO2,Mt CO2/yr,469.57497664587873,485.14107772151254,555.4776204932062,543.0402934250184,497.56408187303253,513.905354864427,465.19146478431486,575.3997345493793,530.8530579095875,491.2896932412773
IMAGE,SSP5-Ref-SPA0-V17,STAN,Emissions|CO2,Mt CO2/yr,469.57497664587873,485.14107772151254,616.7018229727305,649.0817413920153,646.5939179054609,695.4973908102974,682.563908956908,733.2365418147048,679.8249308886252,636.0533702157006
IMAGE,SSP1-Ref-SPA0-V17,TUR,Emissions|CO2,Mt CO2/yr,317.33462527298923,435.7826004424486,471.57363895888597,470.0307363301649,472.0712484153114,457.8379618743039,342.64766696230214,289.45699821560464,268.23765312090217,219.3523636063669
IMAGE,SSP2-Ref-SPA0-V17,TUR,Emissions|CO2,Mt CO2/yr,317.33462527298923,435.7826004424486,529.9602254713552,545.496226042429,585.7668406701135,662.6502431836133,710.2986145665257,741.5950826683292,770.5543976530582,756.9660899532552
IMAGE,SSP3-Ref-SPA0-V17,TUR,Emissions|CO2,Mt CO2/yr,317.33462527298923,435.7826004424486,589.0005188523736,647.8706716490666,717.8922781007446,797.8578491936263,866.4307709527899,950.0420838266018,1052.9105022116046,1141.3218384826628
IMAGE,SSP4-Ref-SPA0-V17,TUR,Emissions|CO2,Mt CO2/yr,317.33462527298923,435.7826004424486,466.61119592458067,455.4770025031583,475.4218597844311,499.527216638836,490.36496993390153,477.21921797958146,506.46275334194047,465.1423416560552
IMAGE,SSP5-Ref-SPA0-V17,TUR,Emissions|CO2,Mt CO2/yr,317.33462527298923,435.7826004424486,557.7319132994008,660.2515462839812,759.7263845498603,852.7566935996588,914.0710297461833,917.1422323424911,894.7355957844645,845.6495616410048
IMAGE,SSP1-Ref-SPA0-V17,UKR,Emissions|CO2,Mt CO2/yr,348.3859532990868,403.8642603923464,387.57401279158165,449.0383199464206,376.01116692464507,372.7012583753533,263.8158722163661,173.99609249425205,135.85666912042353,138.9772326277873
IMAGE,SSP2-Ref-SPA0-V17,UKR,Emissions|CO2,Mt CO2/yr,348.3859532990868,403.8642603923464,415.4505768199948,504.0097300669779,518.2638855451618,550.8777822359522,528.5510966463573,508.79179386949596,499.17154952454587,506.91957605519815
IMAGE,SSP3-Ref-SPA0-V17,UKR,Emissions|CO2,Mt CO2/yr,348.3859532990868,403.8642603923464,461.7294032198725,534.5120036293212,558.6547902932998,606.2037404929349,614.150889134608,609.7409973698841,625.7265472980952,667.5764313351028
IMAGE,SSP4-Ref-SPA0-V17,UKR,Emissions|CO2,Mt CO2/yr,348.3859532990868,403.8642603923464,404.4982452760304,458.79239404398703,428.7176539492933,427.8515930564737,386.0666377100644,356.2995046303726,333.1895345354983,334.32571668485286
IMAGE,SSP5-Ref-SPA0-V17,UKR,Emissions|CO2,Mt CO2/yr,348.3859532990868,403.8642603923464,512.994898524826,626.5471497151619,616.6834717357497,640.5292816744409,584.5994110638876,515.7302399150486,493.313308760667,476.04334009047716
IMAGE,SSP1-Ref-SPA0-V17,USA,Emissions|CO2,Mt CO2/yr,5300.6652836850035,5393.820638511181,4313.393351629105,3997.106649126394,3681.2856652109645,3111.142049436477,2717.0046999540314,2552.6474408245067,2570.3832399797648,2398.5122682844526
IMAGE,SSP2-Ref-SPA0-V17,USA,Emissions|CO2,Mt CO2/yr,5300.6652836850035,5393.820638511181,4984.100179489558,5013.851115364659,5189.264770979564,5257.497803212329,5180.021118634973,5135.206950336628,5308.944824701382,5444.406047044425
IMAGE,SSP3-Ref-SPA0-V17,USA,Emissions|CO2,Mt CO2/yr,5300.6652836850035,5393.820638511181,4949.292358848373,4894.629842567362,5105.598796037062,5095.0642908277705,5044.966756643529,4725.038900169132,4494.130656333036,4141.331258514505
IMAGE,SSP4-Ref-SPA0-V17,USA,Emissions|CO2,Mt CO2/yr,5300.6652836850035,5393.820638511181,4592.969523529522,4367.623494863203,4273.84822629999,4097.122233445382,3696.110107757885,3652.4458011132906,4037.9462080493777,4410.51615437231
IMAGE,SSP5-Ref-SPA0-V17,USA,Emissions|CO2,Mt CO2/yr,5300.6652836850035,5393.820638511181,5926.7557785335875,6621.802165315524,7601.509359415005,8756.029541811627,10064.956136982704,11147.730144242596,12382.124756985022,14133.80135219635
IMAGE,SSP1-Ref-SPA0-V17,WAF,Emissions|CO2,Mt CO2/yr,865.2431437961063,1816.996480471171,2185.85835794611,1949.0882366680753,1712.7686158783624,1887.4294231859074,2391.2178753801436,2819.3305259724484,2498.6247560865227,1986.3477378107852
IMAGE,SSP2-Ref-SPA0-V17,WAF,Emissions|CO2,Mt CO2/yr,865.2431437961063,1816.996480471171,3175.013529748273,2479.7296958634506,2587.739258047749,1861.760294765605,2792.4135134374496,4349.249878325074,5979.497233616507,7714.262940154422
IMAGE,SSP3-Ref-SPA0-V17,WAF,Emissions|CO2,Mt CO2/yr,865.2431437961063,1816.996480471171,4081.707641972627,2856.351237238835,2967.3661501721044,2035.8148398660635,2752.7372439025926,3695.6737063906576,4793.609416125887,6275.269043539229
IMAGE,SSP4-Ref-SPA0-V17,WAF,Emissions|CO2,Mt CO2/yr,865.2431437961063,1816.996480471171,3388.397461245536,3072.4583132675957,2862.611023209456,1352.2351787524876,1551.3061524847778,2159.4737550791283,2297.0476076306973,2490.17490663914
IMAGE,SSP5-Ref-SPA0-V17,WAF,Emissions|CO2,Mt CO2/yr,865.2431437961063,1816.996480471171,4233.797322976036,2888.4070437196137,4366.65177448551,5018.240194141099,7960.326172598666,10526.1862802538,12274.210531714794,12691.568686049612
IMAGE,SSP1-Ref-SPA0-V17,WEU,Emissions|CO2,Mt CO2/yr,3319.360107723635,3131.7352704669947,2548.329752835833,2343.877726450059,2434.7899782486884,2644.3828127403985,2464.44803896102,2349.3271486510753,1845.719299484199,1590.9112550274408
IMAGE,SSP2-Ref-SPA0-V17,WEU,Emissions|CO2,Mt CO2/yr,3319.360107723635,3131.7352704669947,2884.694275164589,2872.5032351244176,3282.1093346082694,3717.175089856154,3902.2683515917306,4111.301473355526,4094.086222702919,4318.031738673798
IMAGE,SSP3-Ref-SPA0-V17,WEU,Emissions|CO2,Mt CO2/yr,3319.360107723635,3131.7352704669947,3124.6805626213013,3292.857788385288,3737.931905450489,3846.8467207273175,3738.8926598451076,3660.4527591218307,3352.950032856897,3219.8823041664145
IMAGE,SSP4-Ref-SPA0-V17,WEU,Emissions|CO2,Mt CO2/yr,3319.360107723635,3131.7352704669947,2812.425089773904,2640.3350222126865,2918.045858012673,3318.987040503549,3171.2788292271002,2958.8059695072634,2640.5977582153146,2736.70721460426
IMAGE,SSP5-Ref-SPA0-V17,WEU,Emissions|CO2,Mt CO2/yr,3319.360107723635,3131.7352704669947,3728.7213748506933,4614.0931400679,6045.981527242343,7465.3628750276275,8349.253337347565,8942.552409667125,9607.821452696355,10663.2091481048
